0,PuriTime,PuriTime,PuriTime,PuriTime
10,PuriPipette,PuriPipette,PuriPipette,PuriPipette
20,PuriPipette,PuriPipette,PuriPipette,PuriPipette
30,PuriPipette,PuriPipette,PuriPipette,PuriPipette
40,PuriPipette,PuriPipette,PuriPipette,PuriPipette
50,PuriPipette,PuriPipette,PuriPipette,PuriPipette
60,PuriPipette,PuriPipette,PuriPipette,PuriPipette
70,PuriPipette,PuriPipette,PuriPipette,PuriPipette
80,PuriPipette,PuriPipette,PuriPipette,PuriPipette
90,PuriPipette,PuriPipette,PuriPipette,PuriPipette
100,PuriPipette,PuriPipette,PuriPipette,PuriPipette
110,PuriPipette,PuriPipette,PuriPipette,PuriPipette
120,PuriPipette,PuriPipette,PuriPipette,PuriPipette
130,PuriPipette,PuriPipette,PuriPipette,PuriPipette
140,PuriPipette,PuriPipette,PuriPipette,PuriPipette
150,PuriPipette,PuriPipette,PuriPipette,PuriPipette
160,PuriPipette,PuriPipette,PuriPipette,PuriPipette
170,PuriPipette,PuriPipette,PuriPipette,PuriPipette
180,PuriPipette,PuriPipette,PuriPipette,PuriPipette
190,PuriPipette,PuriPipette,PuriPipette,PuriPipette
200,PuriPipette,PuriPipette,PuriPipette,PuriPipette
210,PuriPipette,PuriPipette,PuriPipette,PuriPipette
220,PuriPipette,PuriPipette,PuriPipette,PuriPipette
230,PuriPipette,PuriPipette,PuriPipette,PuriPipette
240,PuriPipette,PuriPipette,PuriPipette,PuriPipette
250,PuriPipette,PuriPipette,PuriPipette,PuriPipette
260,PuriMoveTube,PuriMoveTube,PuriMoveTube,PuriMoveTube
270,PuriMoveTube,PuriMoveTube,PuriMoveTube,PuriMoveTube
280,PuriMoveTube,PuriMoveTube,PuriMoveTube,PuriMoveTube
290,PuriShake,PuriShake,PuriShake,PuriShake
300,PuriShake,PuriShake,PuriShake,PuriShake
310,PuriShake,PuriShake,PuriShake,PuriShake
320,PuriShake,PuriShake,PuriShake,PuriShake
330,PuriShake,PuriShake,PuriShake,PuriShake
340,PuriShake,PuriShake,PuriShake,PuriShake
350,PuriShake,PuriShake,PuriShake,PuriShake
360,PuriShake,PuriShake,PuriShake,PuriShake
370,PuriShake,PuriShake,PuriShake,PuriShake
380,PuriShake,PuriShake,PuriShake,PuriShake
390,PuriShake,PuriShake,PuriShake,PuriShake
400,PuriShake,PuriShake,PuriShake,PuriShake
410,PuriShake,PuriShake,PuriShake,PuriShake
420,PuriShake,PuriShake,PuriShake,PuriShake
430,PuriShake,PuriShake,PuriShake,PuriShake
440,PuriShake,PuriShake,PuriShake,PuriShake
450,PuriShake,PuriShake,PuriShake,PuriShake
460,PuriShake,PuriShake,PuriShake,PuriShake
470,PuriShake,PuriShake,PuriShake,PuriShake
480,PuriShake,PuriShake,PuriShake,PuriShake
490,PuriShake,PuriShake,PuriShake,PuriShake
500,PuriShake,PuriShake,PuriShake,PuriShake
510,PuriShake,PuriShake,PuriShake,PuriShake
520,PuriShake,PuriShake,PuriShake,PuriShake
530,PuriShake,PuriShake,PuriShake,PuriShake
540,PuriShake,PuriShake,PuriShake,PuriShake
550,PuriShake,PuriShake,PuriShake,PuriShake
560,PuriShake,PuriShake,PuriShake,PuriShake
570,PuriShake,PuriShake,PuriShake,PuriShake
580,PuriShake,PuriShake,PuriShake,PuriShake
590,PuriShake,PuriShake,PuriShake,PuriShake
600,PuriShake,PuriShake,PuriShake,PuriShake
610,PuriShake,PuriShake,PuriShake,PuriShake
620,PuriShake,PuriShake,PuriShake,PuriShake
630,PuriShake,PuriShake,PuriShake,PuriShake
640,PuriShake,PuriShake,PuriShake,PuriShake
650,PuriShake,PuriShake,PuriShake,PuriShake
660,PuriShake,PuriShake,PuriShake,PuriShake
670,PuriShake,PuriShake,PuriShake,PuriShake
680,PuriShake,PuriShake,PuriShake,PuriShake
690,PuriShake,PuriShake,PuriShake,PuriShake
700,PuriShake,PuriShake,PuriShake,PuriShake
710,PuriShake,PuriShake,PuriShake,PuriShake
720,PuriShake,PuriShake,PuriShake,PuriShake
730,PuriShake,PuriShake,PuriShake,PuriShake
740,PuriShake,PuriShake,PuriShake,PuriShake
750,PuriShake,PuriShake,PuriShake,PuriShake
760,PuriShake,PuriShake,PuriShake,PuriShake
770,PuriShake,PuriShake,PuriShake,PuriShake
780,PuriShake,PuriShake,PuriShake,PuriShake
790,PuriShake,PuriShake,PuriShake,PuriShake
800,PuriShake,PuriShake,PuriShake,PuriShake
810,PuriShake,PuriShake,PuriShake,PuriShake
820,PuriShake,PuriShake,PuriShake,PuriShake
830,PuriShake,PuriShake,PuriShake,PuriShake
840,PuriShake,PuriShake,PuriShake,PuriShake
850,PuriShake,PuriShake,PuriShake,PuriShake
860,PuriShake,PuriShake,PuriShake,PuriShake
870,PuriShake,PuriShake,PuriShake,PuriShake
880,PuriShake,PuriShake,PuriShake,PuriShake
890,PuriMoveTube,PuriMoveTube,PuriMoveTube,PuriMoveTube
900,PuriMoveTube,PuriMoveTube,PuriMoveTube,PuriMoveTube
910,PuriMoveTube,PuriMoveTube,PuriMoveTube,PuriMoveTube
920,PuriMoveTube,PuriMoveTube,PuriMoveTube,PuriMoveTube
930,PuriMoveTube,PuriMoveTube,PuriMoveTube,PuriMoveTube
940,PuriMoveTube,PuriMoveTube,PuriMoveTube,PuriMoveTube
950,PuriTime,PuriTime,PuriTime,PuriTime
960,PuriTime,PuriTime,PuriTime,PuriTime
970,PuriTime,PuriTime,PuriTime,PuriTime
980,PuriPipette,PuriPipette,PuriPipette,PuriPipette
990,PuriPipette,PuriPipette,PuriPipette,PuriPipette
1000,PuriPipette,PuriPipette,PuriPipette,PuriPipette
1010,PuriPipette,PuriPipette,PuriPipette,PuriPipette
1020,PuriPipette,PuriPipette,PuriPipette,PuriPipette
1030,PuriMoveTube,PuriMoveTube,PuriMoveTube,PuriMoveTube
1040,PuriMoveTube,PuriMoveTube,PuriMoveTube,PuriMoveTube
1050,PuriMoveTube,PuriMoveTube,PuriMoveTube,PuriMoveTube
1060,PuriPipette,PuriPipette, , 
1070,PuriPipette,PuriPipette, , 
1080,PuriPipette,PuriPipette, , 
1090,PuriPipette,PuriPipette, , 
1100,PuriPipette,PuriPipette, , 
1110, , ,PuriPipette,PuriPipette
1120, , ,PuriPipette,PuriPipette
1130, , ,PuriPipette,PuriPipette
1140, , ,PuriPipette,PuriPipette
1150, , ,PuriPipette,PuriPipette
1160,PuriMoveTube,PuriMoveTube,PuriMoveTube,PuriMoveTube
1170,PuriMoveTube,PuriMoveTube,PuriMoveTube,PuriMoveTube
1180,PuriMoveTube,PuriMoveTube,PuriMoveTube,PuriMoveTube
1190,PuriTime,PuriTime,PuriTime,PuriTime
1200,PuriTime,PuriTime,PuriTime,PuriTime
1210,PuriTime,PuriTime,PuriTime,PuriTime
1220,PuriPipette,PuriPipette,PuriPipette,PuriPipette
1230,PuriPipette,PuriPipette,PuriPipette,PuriPipette
1240,PuriPipette,PuriPipette,PuriPipette,PuriPipette
1250,PuriPipette,PuriPipette,PuriPipette,PuriPipette
1260,PuriPipette,PuriPipette,PuriPipette,PuriPipette
1270,PuriMoveTube,PuriMoveTube,PuriMoveTube,PuriMoveTube
1280,PuriMoveTube,PuriMoveTube,PuriMoveTube,PuriMoveTube
1290,PuriMoveTube,PuriMoveTube,PuriMoveTube,PuriMoveTube
1300,PuriPipette,PuriPipette, , 
1310,PuriPipette,PuriPipette, , 
1320,PuriPipette,PuriPipette, , 
1330,PuriPipette,PuriPipette, , 
1340,PuriPipette,PuriPipette, , 
1350, , ,PuriPipette,PuriPipette
1360, , ,PuriPipette,PuriPipette
1370, , ,PuriPipette,PuriPipette
1380, , ,PuriPipette,PuriPipette
1390, , ,PuriPipette,PuriPipette
1400,PuriMoveTube,PuriMoveTube,PuriMoveTube,PuriMoveTube
1410,PuriMoveTube,PuriMoveTube,PuriMoveTube,PuriMoveTube
1420,PuriMoveTube,PuriMoveTube,PuriMoveTube,PuriMoveTube
1430,PuriTime,PuriTime,PuriTime,PuriTime
1440,PuriTime,PuriTime,PuriTime,PuriTime
1450,PuriTime,PuriTime,PuriTime,PuriTime
1460,PuriPipette,PuriPipette,PuriPipette,PuriPipette
1470,PuriPipette,PuriPipette,PuriPipette,PuriPipette
1480,PuriPipette,PuriPipette,PuriPipette,PuriPipette
1490,PuriPipette,PuriPipette,PuriPipette,PuriPipette
1500,PuriPipette,PuriPipette,PuriPipette,PuriPipette
1510,PuriMoveTube,PuriMoveTube,PuriMoveTube,PuriMoveTube
1520,PuriMoveTube,PuriMoveTube,PuriMoveTube,PuriMoveTube
1530,PuriMoveTube,PuriMoveTube,PuriMoveTube,PuriMoveTube
1540,PuriPipette,PuriPipette, , 
1550,PuriPipette,PuriPipette, , 
1560,PuriPipette,PuriPipette, , 
1570,PuriPipette,PuriPipette, , 
1580,PuriPipette,PuriPipette, , 
1590, , ,PuriPipette,PuriPipette
1600, , ,PuriPipette,PuriPipette
1610, , ,PuriPipette,PuriPipette
1620, , ,PuriPipette,PuriPipette
1630, , ,PuriPipette,PuriPipette
1640,PuriMoveTube,PuriMoveTube,PuriMoveTube,PuriMoveTube
1650,PuriMoveTube,PuriMoveTube,PuriMoveTube,PuriMoveTube
1660,PuriMoveTube,PuriMoveTube,PuriMoveTube,PuriMoveTube
1670,PuriTime,PuriTime,PuriTime,PuriTime
1680,PuriTime,PuriTime,PuriTime,PuriTime
1690,PuriTime,PuriTime,PuriTime,PuriTime
1700,PuriPipette,PuriPipette,PuriPipette,PuriPipette
1710,PuriPipette,PuriPipette,PuriPipette,PuriPipette
1720,PuriPipette,PuriPipette,PuriPipette,PuriPipette
1730,PuriPipette,PuriPipette,PuriPipette,PuriPipette
1740,PuriPipette,PuriPipette,PuriPipette,PuriPipette
1750,PuriMoveTube,PuriMoveTube,PuriMoveTube,PuriMoveTube
1760,PuriMoveTube,PuriMoveTube,PuriMoveTube,PuriMoveTube
1770,PuriMoveTube,PuriMoveTube,PuriMoveTube,PuriMoveTube
1780,PuriPipette,PuriPipette,PuriPipette,PuriPipette
1790,PuriPipette,PuriPipette,PuriPipette,PuriPipette
1800,PuriPipette,PuriPipette,PuriPipette,PuriPipette
1810,PuriPipette,PuriPipette,PuriPipette,PuriPipette
1820,PuriPipette,PuriPipette,PuriPipette,PuriPipette
1830,PuriMoveTube,PuriMoveTube,PuriMoveTube,PuriMoveTube
1840,PuriMoveTube,PuriMoveTube,PuriMoveTube,PuriMoveTube
1850,PuriMoveTube,PuriMoveTube,PuriMoveTube,PuriMoveTube
1860,PuriShake,PuriShake,PuriShake,PuriShake
1870,PuriShake,PuriShake,PuriShake,PuriShake
1880,PuriShake,PuriShake,PuriShake,PuriShake
1890,PuriShake,PuriShake,PuriShake,PuriShake
1900,PuriShake,PuriShake,PuriShake,PuriShake
1910,PuriShake,PuriShake,PuriShake,PuriShake
1920,PuriShake,PuriShake,PuriShake,PuriShake
1930,PuriShake,PuriShake,PuriShake,PuriShake
1940,PuriShake,PuriShake,PuriShake,PuriShake
1950,PuriShake,PuriShake,PuriShake,PuriShake
1960,PuriShake,PuriShake,PuriShake,PuriShake
1970,PuriShake,PuriShake,PuriShake,PuriShake
1980,PuriShake,PuriShake,PuriShake,PuriShake
1990,PuriShake,PuriShake,PuriShake,PuriShake
2000,PuriShake,PuriShake,PuriShake,PuriShake
2010,PuriShake,PuriShake,PuriShake,PuriShake
2020,PuriShake,PuriShake,PuriShake,PuriShake
2030,PuriShake,PuriShake,PuriShake,PuriShake
2040,PuriShake,PuriShake,PuriShake,PuriShake
2050,PuriShake,PuriShake,PuriShake,PuriShake
2060,PuriShake,PuriShake,PuriShake,PuriShake
2070,PuriShake,PuriShake,PuriShake,PuriShake
2080,PuriShake,PuriShake,PuriShake,PuriShake
2090,PuriShake,PuriShake,PuriShake,PuriShake
2100,PuriShake,PuriShake,PuriShake,PuriShake
2110,PuriShake,PuriShake,PuriShake,PuriShake
2120,PuriShake,PuriShake,PuriShake,PuriShake
2130,PuriShake,PuriShake,PuriShake,PuriShake
2140,PuriShake,PuriShake,PuriShake,PuriShake
2150,PuriShake,PuriShake,PuriShake,PuriShake
2160,PuriMoveTube,PuriMoveTube,PuriMoveTube,PuriMoveTube
2170,PuriMoveTube,PuriMoveTube,PuriMoveTube,PuriMoveTube
2180,PuriMoveTube,PuriMoveTube,PuriMoveTube,PuriMoveTube
2190,PuriMoveTube,PuriMoveTube,PuriMoveTube,PuriMoveTube
2200,PuriMoveTube,PuriMoveTube,PuriMoveTube,PuriMoveTube
2210,PuriMoveTube,PuriMoveTube,PuriMoveTube,PuriMoveTube
2220,PuriTime,PuriTime,PuriTime,PuriTime
2230,PuriTime,PuriTime,PuriTime,PuriTime
2240,PuriTime,PuriTime,PuriTime,PuriTime
2250,PuriPipette,PuriPipette,PuriPipette,PuriPipette
2260,PuriPipette,PuriPipette,PuriPipette,PuriPipette
2270,PuriPipette,PuriPipette,PuriPipette,PuriPipette
2280,PuriPipette,PuriPipette,PuriPipette,PuriPipette
2290,PuriPipette,PuriPipette,PuriPipette,PuriPipette
2300,PuriMoveTube,PuriMoveTube,PuriMoveTube,PuriMoveTube
2310,PuriMoveTube,PuriMoveTube,PuriMoveTube,PuriMoveTube
2320,PuriMoveTube,PuriMoveTube,PuriMoveTube,PuriMoveTube
2330,PuriPipette,PuriPipette, , 
2340,PuriPipette,PuriPipette, , 
2350,PuriPipette,PuriPipette, , 
2360,PuriPipette,PuriPipette, , 
2370,PuriPipette,PuriPipette, , 
2380, , ,PuriPipette,PuriPipette
2390, , ,PuriPipette,PuriPipette
2400, , ,PuriPipette,PuriPipette
2410, , ,PuriPipette,PuriPipette
2420, , ,PuriPipette,PuriPipette
2430,PuriMoveTube,PuriMoveTube,PuriMoveTube,PuriMoveTube
2440,PuriMoveTube,PuriMoveTube,PuriMoveTube,PuriMoveTube
2450,PuriMoveTube,PuriMoveTube,PuriMoveTube,PuriMoveTube
2460,PuriTime,PuriTime,PuriTime,PuriTime
2470,PuriTime,PuriTime,PuriTime,PuriTime
2480,PuriTime,PuriTime,PuriTime,PuriTime
2490,PuriPipette,PuriPipette,PuriPipette,PuriPipette
2500,PuriPipette,PuriPipette,PuriPipette,PuriPipette
2510,PuriPipette,PuriPipette,PuriPipette,PuriPipette
2520,PuriPipette,PuriPipette,PuriPipette,PuriPipette
2530,PuriPipette,PuriPipette,PuriPipette,PuriPipette
2540,PuriMoveTube,PuriMoveTube,PuriMoveTube,PuriMoveTube
2550,PuriMoveTube,PuriMoveTube,PuriMoveTube,PuriMoveTube
2560,PuriMoveTube,PuriMoveTube,PuriMoveTube,PuriMoveTube
2570,PuriPipette,PuriPipette, , 
2580,PuriPipette,PuriPipette, , 
2590,PuriPipette,PuriPipette, , 
2600,PuriPipette,PuriPipette, , 
2610,PuriPipette,PuriPipette, , 
2620, , ,PuriPipette,PuriPipette
2630, , ,PuriPipette,PuriPipette
2640, , ,PuriPipette,PuriPipette
2650, , ,PuriPipette,PuriPipette
2660, , ,PuriPipette,PuriPipette
2670,PuriMoveTube,PuriMoveTube,PuriMoveTube,PuriMoveTube
2680,PuriMoveTube,PuriMoveTube,PuriMoveTube,PuriMoveTube
2690,PuriMoveTube,PuriMoveTube,PuriMoveTube,PuriMoveTube
2700,PuriTime,PuriTime,PuriTime,PuriTime
2710,PuriTime,PuriTime,PuriTime,PuriTime
2720,PuriTime,PuriTime,PuriTime,PuriTime
2730,PuriPipette,PuriPipette,PuriPipette,PuriPipette
2740,PuriPipette,PuriPipette,PuriPipette,PuriPipette
2750,PuriPipette,PuriPipette,PuriPipette,PuriPipette
2760,PuriPipette,PuriPipette,PuriPipette,PuriPipette
2770,PuriPipette,PuriPipette,PuriPipette,PuriPipette
2780,PuriMoveTube,PuriMoveTube,PuriMoveTube,PuriMoveTube
2790,PuriMoveTube,PuriMoveTube,PuriMoveTube,PuriMoveTube
2800,PuriMoveTube,PuriMoveTube,PuriMoveTube,PuriMoveTube
2810,PuriPipette,PuriPipette, , 
2820,PuriPipette,PuriPipette, , 
2830,PuriPipette,PuriPipette, , 
2840,PuriPipette,PuriPipette, , 
2850,PuriPipette,PuriPipette, , 
2860, , ,PuriPipette,PuriPipette
2870, , ,PuriPipette,PuriPipette
2880, , ,PuriPipette,PuriPipette
2890, , ,PuriPipette,PuriPipette
2900, , ,PuriPipette,PuriPipette
2910,PuriMoveTube,PuriMoveTube,PuriMoveTube,PuriMoveTube
2920,PuriMoveTube,PuriMoveTube,PuriMoveTube,PuriMoveTube
2930,PuriMoveTube,PuriMoveTube,PuriMoveTube,PuriMoveTube
2940,PuriTime,PuriTime,PuriTime,PuriTime
2950,PuriTime,PuriTime,PuriTime,PuriTime
2960,PuriTime,PuriTime,PuriTime,PuriTime
2970,PuriPipette,PuriPipette,PuriPipette,PuriPipette
2980,PuriPipette,PuriPipette,PuriPipette,PuriPipette
2990,PuriPipette,PuriPipette,PuriPipette,PuriPipette
3000,PuriPipette,PuriPipette,PuriPipette,PuriPipette
3010,PuriPipette,PuriPipette,PuriPipette,PuriPipette
3020,PuriMoveTube,PuriMoveTube,PuriMoveTube,PuriMoveTube
3030,PuriMoveTube,PuriMoveTube,PuriMoveTube,PuriMoveTube
3040,PuriMoveTube,PuriMoveTube,PuriMoveTube,PuriMoveTube
3050,PuriPipette,PuriPipette,PuriPipette,PuriPipette
3060,PuriPipette,PuriPipette,PuriPipette,PuriPipette
3070,PuriPipette,PuriPipette,PuriPipette,PuriPipette
3080,PuriPipette,PuriPipette,PuriPipette,PuriPipette
3090,PuriPipette,PuriPipette,PuriPipette,PuriPipette
3100,PuriPipette,PuriPipette,PuriPipette,PuriPipette
3110,PuriPipette,PuriPipette,PuriPipette,PuriPipette
3120,PuriPipette,PuriPipette,PuriPipette,PuriPipette
3130,PuriPipette,PuriPipette,PuriPipette,PuriPipette
3140,PuriPipette,PuriPipette,PuriPipette,PuriPipette
3150,PuriPipette,PuriPipette,PuriPipette,PuriPipette
3160,PuriPipette,PuriPipette,PuriPipette,PuriPipette
3170,PuriPipette,PuriPipette,PuriPipette,PuriPipette
3180,PuriPipette,PuriPipette,PuriPipette,PuriPipette
3190,PuriPipette,PuriPipette,PuriPipette,PuriPipette
3200,PuriPipette,PuriPipette,PuriPipette,PuriPipette
3210,PuriPipette,PuriPipette,PuriPipette,PuriPipette
3220,PuriPipette,PuriPipette,PuriPipette,PuriPipette
3230,PuriPipette,PuriPipette,PuriPipette,PuriPipette
3240,PuriPipette,PuriPipette,PuriPipette,PuriPipette
3250,PuriPipette,PuriPipette,PuriPipette,PuriPipette
3260,PuriPipette,PuriPipette,PuriPipette,PuriPipette
3270,PuriPipette,PuriPipette,PuriPipette,PuriPipette
3280,PuriPipette,PuriPipette,PuriPipette,PuriPipette
3290,PuriPipette,PuriPipette,PuriPipette,PuriPipette
3300,PuriMoveTube,PuriMoveTube,PuriMoveTube,PuriMoveTube
3310,PuriMoveTube,PuriMoveTube,PuriMoveTube,PuriMoveTube
3320,PuriMoveTube,PuriMoveTube,PuriMoveTube,PuriMoveTube
3330,PuriShake,PuriShake,PuriShake,PuriShake
3340,PuriShake,PuriShake,PuriShake,PuriShake
3350,PuriShake,PuriShake,PuriShake,PuriShake
3360,PuriShake,PuriShake,PuriShake,PuriShake
3370,PuriShake,PuriShake,PuriShake,PuriShake
3380,PuriShake,PuriShake,PuriShake,PuriShake
3390,PuriShake,PuriShake,PuriShake,PuriShake
3400,PuriShake,PuriShake,PuriShake,PuriShake
3410,PuriShake,PuriShake,PuriShake,PuriShake
3420,PuriShake,PuriShake,PuriShake,PuriShake
3430,PuriShake,PuriShake,PuriShake,PuriShake
3440,PuriShake,PuriShake,PuriShake,PuriShake
3450,PuriShake,PuriShake,PuriShake,PuriShake
3460,PuriShake,PuriShake,PuriShake,PuriShake
3470,PuriShake,PuriShake,PuriShake,PuriShake
3480,PuriShake,PuriShake,PuriShake,PuriShake
3490,PuriShake,PuriShake,PuriShake,PuriShake
3500,PuriShake,PuriShake,PuriShake,PuriShake
3510,PuriShake,PuriShake,PuriShake,PuriShake
3520,PuriShake,PuriShake,PuriShake,PuriShake
3530,PuriShake,PuriShake,PuriShake,PuriShake
3540,PuriShake,PuriShake,PuriShake,PuriShake
3550,PuriShake,PuriShake,PuriShake,PuriShake
3560,PuriShake,PuriShake,PuriShake,PuriShake
3570,PuriShake,PuriShake,PuriShake,PuriShake
3580,PuriShake,PuriShake,PuriShake,PuriShake
3590,PuriShake,PuriShake,PuriShake,PuriShake
3600,PuriShake,PuriShake,PuriShake,PuriShake
3610,PuriShake,PuriShake,PuriShake,PuriShake
3620,PuriShake,PuriShake,PuriShake,PuriShake
3630,PuriShake,PuriShake,PuriShake,PuriShake
3640,PuriShake,PuriShake,PuriShake,PuriShake
3650,PuriShake,PuriShake,PuriShake,PuriShake
3660,PuriShake,PuriShake,PuriShake,PuriShake
3670,PuriShake,PuriShake,PuriShake,PuriShake
3680,PuriShake,PuriShake,PuriShake,PuriShake
3690,PuriShake,PuriShake,PuriShake,PuriShake
3700,PuriShake,PuriShake,PuriShake,PuriShake
3710,PuriShake,PuriShake,PuriShake,PuriShake
3720,PuriShake,PuriShake,PuriShake,PuriShake
3730,PuriShake,PuriShake,PuriShake,PuriShake
3740,PuriShake,PuriShake,PuriShake,PuriShake
3750,PuriShake,PuriShake,PuriShake,PuriShake
3760,PuriShake,PuriShake,PuriShake,PuriShake
3770,PuriShake,PuriShake,PuriShake,PuriShake
3780,PuriShake,PuriShake,PuriShake,PuriShake
3790,PuriShake,PuriShake,PuriShake,PuriShake
3800,PuriShake,PuriShake,PuriShake,PuriShake
3810,PuriShake,PuriShake,PuriShake,PuriShake
3820,PuriShake,PuriShake,PuriShake,PuriShake
3830,PuriShake,PuriShake,PuriShake,PuriShake
3840,PuriShake,PuriShake,PuriShake,PuriShake
3850,PuriShake,PuriShake,PuriShake,PuriShake
3860,PuriShake,PuriShake,PuriShake,PuriShake
3870,PuriShake,PuriShake,PuriShake,PuriShake
3880,PuriShake,PuriShake,PuriShake,PuriShake
3890,PuriShake,PuriShake,PuriShake,PuriShake
3900,PuriShake,PuriShake,PuriShake,PuriShake
3910,PuriShake,PuriShake,PuriShake,PuriShake
3920,PuriShake,PuriShake,PuriShake,PuriShake
3930,PuriMoveTube,PuriMoveTube,PuriMoveTube,PuriMoveTube
3940,PuriMoveTube,PuriMoveTube,PuriMoveTube,PuriMoveTube
3950,PuriMoveTube,PuriMoveTube,PuriMoveTube,PuriMoveTube
3960,PuriMoveTube,PuriMoveTube,PuriMoveTube,PuriMoveTube
3970,PuriMoveTube,PuriMoveTube,PuriMoveTube,PuriMoveTube
3980,PuriMoveTube,PuriMoveTube,PuriMoveTube,PuriMoveTube
3990,PuriTime,PuriTime,PuriTime,PuriTime
4000,PuriTime,PuriTime,PuriTime,PuriTime
4010,PuriTime,PuriTime,PuriTime,PuriTime
4020,PuriPipette,PuriPipette,PuriPipette,PuriPipette
4030,PuriPipette,PuriPipette,PuriPipette,PuriPipette
4040,PuriPipette,PuriPipette,PuriPipette,PuriPipette
4050,PuriPipette,PuriPipette,PuriPipette,PuriPipette
4060,PuriPipette,PuriPipette,PuriPipette,PuriPipette
4070,PuriMoveTube,PuriMoveTube,PuriMoveTube,PuriMoveTube
4080,PuriMoveTube,PuriMoveTube,PuriMoveTube,PuriMoveTube
4090,PuriMoveTube,PuriMoveTube,PuriMoveTube,PuriMoveTube
4100,PuriPipette,PuriPipette, , 
4110,PuriPipette,PuriPipette, , 
4120,PuriPipette,PuriPipette, , 
4130,PuriPipette,PuriPipette, , 
4140,PuriPipette,PuriPipette, , 
4150, , ,PuriPipette,PuriPipette
4160, , ,PuriPipette,PuriPipette
4170, , ,PuriPipette,PuriPipette
4180, , ,PuriPipette,PuriPipette
4190, , ,PuriPipette,PuriPipette
4200,PuriMoveTube,PuriMoveTube,PuriMoveTube,PuriMoveTube
4210,PuriMoveTube,PuriMoveTube,PuriMoveTube,PuriMoveTube
4220,PuriMoveTube,PuriMoveTube,PuriMoveTube,PuriMoveTube
4230,PuriTime,PuriTime,PuriTime,PuriTime
4240,PuriTime,PuriTime,PuriTime,PuriTime
4250,PuriTime,PuriTime,PuriTime,PuriTime
4260,PuriPipette,PuriPipette,PuriPipette,PuriPipette
4270,PuriPipette,PuriPipette,PuriPipette,PuriPipette
4280,PuriPipette,PuriPipette,PuriPipette,PuriPipette
4290,PuriPipette,PuriPipette,PuriPipette,PuriPipette
4300,PuriPipette,PuriPipette,PuriPipette,PuriPipette
4310,PuriMoveTube,PuriMoveTube,PuriMoveTube,PuriMoveTube
4320,PuriMoveTube,PuriMoveTube,PuriMoveTube,PuriMoveTube
4330,PuriMoveTube,PuriMoveTube,PuriMoveTube,PuriMoveTube
4340,PuriPipette,PuriPipette, , 
4350,PuriPipette,PuriPipette, , 
4360,PuriPipette,PuriPipette, , 
4370,PuriPipette,PuriPipette, , 
4380,PuriPipette,PuriPipette, , 
4390, , ,PuriPipette,PuriPipette
4400, , ,PuriPipette,PuriPipette
4410, , ,PuriPipette,PuriPipette
4420, , ,PuriPipette,PuriPipette
4430, , ,PuriPipette,PuriPipette
4440,PuriMoveTube,PuriMoveTube,PuriMoveTube,PuriMoveTube
4450,PuriMoveTube,PuriMoveTube,PuriMoveTube,PuriMoveTube
4460,PuriMoveTube,PuriMoveTube,PuriMoveTube,PuriMoveTube
4470,PuriTime,PuriTime,PuriTime,PuriTime
4480,PuriTime,PuriTime,PuriTime,PuriTime
4490,PuriTime,PuriTime,PuriTime,PuriTime
4500,PuriPipette,PuriPipette,PuriPipette,PuriPipette
4510,PuriPipette,PuriPipette,PuriPipette,PuriPipette
4520,PuriPipette,PuriPipette,PuriPipette,PuriPipette
4530,PuriPipette,PuriPipette,PuriPipette,PuriPipette
4540,PuriPipette,PuriPipette,PuriPipette,PuriPipette
4550,PuriMoveTube,PuriMoveTube,PuriMoveTube,PuriMoveTube
4560,PuriMoveTube,PuriMoveTube,PuriMoveTube,PuriMoveTube
4570,PuriMoveTube,PuriMoveTube,PuriMoveTube,PuriMoveTube
4580,PuriPipette,PuriPipette, , 
4590,PuriPipette,PuriPipette, , 
4600,PuriPipette,PuriPipette, , 
4610,PuriPipette,PuriPipette, , 
4620,PuriPipette,PuriPipette, , 
4630, , ,PuriPipette,PuriPipette
4640, , ,PuriPipette,PuriPipette
4650, , ,PuriPipette,PuriPipette
4660, , ,PuriPipette,PuriPipette
4670, , ,PuriPipette,PuriPipette
4680,PuriMoveTube,PuriMoveTube,PuriMoveTube,PuriMoveTube
4690,PuriMoveTube,PuriMoveTube,PuriMoveTube,PuriMoveTube
4700,PuriMoveTube,PuriMoveTube,PuriMoveTube,PuriMoveTube
4710,PuriTime,PuriTime,PuriTime,PuriTime
4720,PuriTime,PuriTime,PuriTime,PuriTime
4730,PuriTime,PuriTime,PuriTime,PuriTime
4740,PuriPipette,PuriPipette,PuriPipette,PuriPipette
4750,PuriPipette,PuriPipette,PuriPipette,PuriPipette
4760,PuriPipette,PuriPipette,PuriPipette,PuriPipette
4770,PuriPipette,PuriPipette,PuriPipette,PuriPipette
4780,PuriPipette,PuriPipette,PuriPipette,PuriPipette
4790,PuriMoveTube,PuriMoveTube,PuriMoveTube,PuriMoveTube
4800,PuriMoveTube,PuriMoveTube,PuriMoveTube,PuriMoveTube
4810,PuriMoveTube,PuriMoveTube,PuriMoveTube,PuriMoveTube
4820,PuriPipette,PuriPipette,PuriPipette,PuriPipette
4830,PuriPipette,PuriPipette,PuriPipette,PuriPipette
4840,PuriPipette,PuriPipette,PuriPipette,PuriPipette
4850,PuriPipette,PuriPipette,PuriPipette,PuriPipette
4860,PuriPipette,PuriPipette,PuriPipette,PuriPipette
4870,PuriMoveTube,PuriMoveTube,PuriMoveTube,PuriMoveTube
4880,PuriMoveTube,PuriMoveTube,PuriMoveTube,PuriMoveTube
4890,PuriMoveTube,PuriMoveTube,PuriMoveTube,PuriMoveTube
4900,PuriShake,PuriShake,PuriShake,PuriShake
4910,PuriShake,PuriShake,PuriShake,PuriShake
4920,PuriShake,PuriShake,PuriShake,PuriShake
4930,PuriShake,PuriShake,PuriShake,PuriShake
4940,PuriShake,PuriShake,PuriShake,PuriShake
4950,PuriShake,PuriShake,PuriShake,PuriShake
4960,PuriShake,PuriShake,PuriShake,PuriShake
4970,PuriShake,PuriShake,PuriShake,PuriShake
4980,PuriShake,PuriShake,PuriShake,PuriShake
4990,PuriShake,PuriShake,PuriShake,PuriShake
5000,PuriShake,PuriShake,PuriShake,PuriShake
5010,PuriShake,PuriShake,PuriShake,PuriShake
5020,PuriShake,PuriShake,PuriShake,PuriShake
5030,PuriShake,PuriShake,PuriShake,PuriShake
5040,PuriShake,PuriShake,PuriShake,PuriShake
5050,PuriShake,PuriShake,PuriShake,PuriShake
5060,PuriShake,PuriShake,PuriShake,PuriShake
5070,PuriShake,PuriShake,PuriShake,PuriShake
5080,PuriShake,PuriShake,PuriShake,PuriShake
5090,PuriShake,PuriShake,PuriShake,PuriShake
5100,PuriShake,PuriShake,PuriShake,PuriShake
5110,PuriShake,PuriShake,PuriShake,PuriShake
5120,PuriShake,PuriShake,PuriShake,PuriShake
5130,PuriShake,PuriShake,PuriShake,PuriShake
5140,PuriShake,PuriShake,PuriShake,PuriShake
5150,PuriShake,PuriShake,PuriShake,PuriShake
5160,PuriShake,PuriShake,PuriShake,PuriShake
5170,PuriShake,PuriShake,PuriShake,PuriShake
5180,PuriShake,PuriShake,PuriShake,PuriShake
5190,PuriShake,PuriShake,PuriShake,PuriShake
5200,PuriMoveTube,PuriMoveTube,PuriMoveTube,PuriMoveTube
5210,PuriMoveTube,PuriMoveTube,PuriMoveTube,PuriMoveTube
5220,PuriMoveTube,PuriMoveTube,PuriMoveTube,PuriMoveTube
5230,PuriMoveTube,PuriMoveTube,PuriMoveTube,PuriMoveTube
5240,PuriMoveTube,PuriMoveTube,PuriMoveTube,PuriMoveTube
5250,PuriMoveTube,PuriMoveTube,PuriMoveTube,PuriMoveTube
5260,PuriTime,PuriTime,PuriTime,PuriTime
5270,PuriTime,PuriTime,PuriTime,PuriTime
5280,PuriTime,PuriTime,PuriTime,PuriTime
5290,PuriPipette,PuriPipette,PuriPipette,PuriPipette
5300,PuriPipette,PuriPipette,PuriPipette,PuriPipette
5310,PuriPipette,PuriPipette,PuriPipette,PuriPipette
5320,PuriPipette,PuriPipette,PuriPipette,PuriPipette
5330,PuriPipette,PuriPipette,PuriPipette,PuriPipette
5340,PuriMoveTube,PuriMoveTube,PuriMoveTube,PuriMoveTube
5350,PuriMoveTube,PuriMoveTube,PuriMoveTube,PuriMoveTube
5360,PuriMoveTube,PuriMoveTube,PuriMoveTube,PuriMoveTube
5370,PuriPipette,PuriPipette, , 
5380,PuriPipette,PuriPipette, , 
5390,PuriPipette,PuriPipette, , 
5400,PuriPipette,PuriPipette, , 
5410,PuriPipette,PuriPipette, , 
5420, , ,PuriPipette,PuriPipette
5430, , ,PuriPipette,PuriPipette
5440, , ,PuriPipette,PuriPipette
5450, , ,PuriPipette,PuriPipette
5460, , ,PuriPipette,PuriPipette
5470,PuriMoveTube,PuriMoveTube,PuriMoveTube,PuriMoveTube
5480,PuriMoveTube,PuriMoveTube,PuriMoveTube,PuriMoveTube
5490,PuriMoveTube,PuriMoveTube,PuriMoveTube,PuriMoveTube
5500,PuriTime,PuriTime,PuriTime,PuriTime
5510,PuriTime,PuriTime,PuriTime,PuriTime
5520,PuriTime,PuriTime,PuriTime,PuriTime
5530,PuriPipette,PuriPipette,PuriPipette,PuriPipette
5540,PuriPipette,PuriPipette,PuriPipette,PuriPipette
5550,PuriPipette,PuriPipette,PuriPipette,PuriPipette
5560,PuriPipette,PuriPipette,PuriPipette,PuriPipette
5570,PuriPipette,PuriPipette,PuriPipette,PuriPipette
5580,PuriMoveTube,PuriMoveTube,PuriMoveTube,PuriMoveTube
5590,PuriMoveTube,PuriMoveTube,PuriMoveTube,PuriMoveTube
5600,PuriMoveTube,PuriMoveTube,PuriMoveTube,PuriMoveTube
5610,PuriPipette,PuriPipette, , 
5620,PuriPipette,PuriPipette, , 
5630,PuriPipette,PuriPipette, , 
5640,PuriPipette,PuriPipette, , 
5650,PuriPipette,PuriPipette, , 
5660, , ,PuriPipette,PuriPipette
5670, , ,PuriPipette,PuriPipette
5680, , ,PuriPipette,PuriPipette
5690, , ,PuriPipette,PuriPipette
5700, , ,PuriPipette,PuriPipette
5710,PuriMoveTube,PuriMoveTube,PuriMoveTube,PuriMoveTube
5720,PuriMoveTube,PuriMoveTube,PuriMoveTube,PuriMoveTube
5730,PuriMoveTube,PuriMoveTube,PuriMoveTube,PuriMoveTube
5740,PuriTime,PuriTime,PuriTime,PuriTime
5750,PuriTime,PuriTime,PuriTime,PuriTime
5760,PuriTime,PuriTime,PuriTime,PuriTime
5770,PuriPipette,PuriPipette,PuriPipette,PuriPipette
5780,PuriPipette,PuriPipette,PuriPipette,PuriPipette
5790,PuriPipette,PuriPipette,PuriPipette,PuriPipette
5800,PuriPipette,PuriPipette,PuriPipette,PuriPipette
5810,PuriPipette,PuriPipette,PuriPipette,PuriPipette
5820,PuriMoveTube,PuriMoveTube,PuriMoveTube,PuriMoveTube
5830,PuriMoveTube,PuriMoveTube,PuriMoveTube,PuriMoveTube
5840,PuriMoveTube,PuriMoveTube,PuriMoveTube,PuriMoveTube
5850,PuriPipette,PuriPipette, , 
5860,PuriPipette,PuriPipette, , 
5870,PuriPipette,PuriPipette, , 
5880,PuriPipette,PuriPipette, , 
5890,PuriPipette,PuriPipette, , 
5900, , ,PuriPipette,PuriPipette
5910, , ,PuriPipette,PuriPipette
5920, , ,PuriPipette,PuriPipette
5930, , ,PuriPipette,PuriPipette
5940, , ,PuriPipette,PuriPipette
5950,PuriMoveTube,PuriMoveTube,PuriMoveTube,PuriMoveTube
5960,PuriMoveTube,PuriMoveTube,PuriMoveTube,PuriMoveTube
5970,PuriMoveTube,PuriMoveTube,PuriMoveTube,PuriMoveTube
5980,PuriTime,PuriTime,PuriTime,PuriTime
5990,PuriTime,PuriTime,PuriTime,PuriTime
6000,PuriTime,PuriTime,PuriTime,PuriTime
6010,PuriPipette,PuriPipette,PuriPipette,PuriPipette
6020,PuriPipette,PuriPipette,PuriPipette,PuriPipette
6030,PuriPipette,PuriPipette,PuriPipette,PuriPipette
6040,PuriPipette,PuriPipette,PuriPipette,PuriPipette
6050,PuriPipette,PuriPipette,PuriPipette,PuriPipette
6060,PuriMoveTube,PuriMoveTube,PuriMoveTube,PuriMoveTube
6070,PuriMoveTube,PuriMoveTube,PuriMoveTube,PuriMoveTube
6080,PuriMoveTube,PuriMoveTube,PuriMoveTube,PuriMoveTube
6090,PuriPipette,PuriPipette,PuriPipette,PuriPipette
6100,PuriPipette,PuriPipette,PuriPipette,PuriPipette
6110,PuriPipette,PuriPipette,PuriPipette,PuriPipette
6120,PuriPipette,PuriPipette,PuriPipette,PuriPipette
6130,PuriPipette,PuriPipette,PuriPipette,PuriPipette
6140,PuriPipette,PuriPipette,PuriPipette,PuriPipette
6150,PuriPipette,PuriPipette,PuriPipette,PuriPipette
6160,PuriPipette,PuriPipette,PuriPipette,PuriPipette
6170,PuriPipette,PuriPipette,PuriPipette,PuriPipette
6180,PuriPipette,PuriPipette,PuriPipette,PuriPipette
6190,PuriPipette,PuriPipette,PuriPipette,PuriPipette
6200,PuriPipette,PuriPipette,PuriPipette,PuriPipette
6210,PuriPipette,PuriPipette,PuriPipette,PuriPipette
6220,PuriPipette,PuriPipette,PuriPipette,PuriPipette
6230,PuriPipette,PuriPipette,PuriPipette,PuriPipette
6240,PuriPipette,PuriPipette,PuriPipette,PuriPipette
6250,PuriPipette,PuriPipette,PuriPipette,PuriPipette
6260,PuriPipette,PuriPipette,PuriPipette,PuriPipette
6270,PuriPipette,PuriPipette,PuriPipette,PuriPipette
6280,PuriPipette,PuriPipette,PuriPipette,PuriPipette
6290,PuriPipette,PuriPipette,PuriPipette,PuriPipette
6300,PuriPipette,PuriPipette,PuriPipette,PuriPipette
6310,PuriPipette,PuriPipette,PuriPipette,PuriPipette
6320,PuriPipette,PuriPipette,PuriPipette,PuriPipette
6330,PuriPipette,PuriPipette,PuriPipette,PuriPipette
6340,PuriMoveTube,PuriMoveTube,PuriMoveTube,PuriMoveTube
6350,PuriMoveTube,PuriMoveTube,PuriMoveTube,PuriMoveTube
6360,PuriMoveTube,PuriMoveTube,PuriMoveTube,PuriMoveTube
6370,PuriShake,PuriShake,PuriShake,PuriShake
6380,PuriShake,PuriShake,PuriShake,PuriShake
6390,PuriShake,PuriShake,PuriShake,PuriShake
6400,PuriShake,PuriShake,PuriShake,PuriShake
6410,PuriShake,PuriShake,PuriShake,PuriShake
6420,PuriShake,PuriShake,PuriShake,PuriShake
6430,PuriShake,PuriShake,PuriShake,PuriShake
6440,PuriShake,PuriShake,PuriShake,PuriShake
6450,PuriShake,PuriShake,PuriShake,PuriShake
6460,PuriShake,PuriShake,PuriShake,PuriShake
6470,PuriShake,PuriShake,PuriShake,PuriShake
6480,PuriShake,PuriShake,PuriShake,PuriShake
6490,PuriShake,PuriShake,PuriShake,PuriShake
6500,PuriShake,PuriShake,PuriShake,PuriShake
6510,PuriShake,PuriShake,PuriShake,PuriShake
6520,PuriShake,PuriShake,PuriShake,PuriShake
6530,PuriShake,PuriShake,PuriShake,PuriShake
6540,PuriShake,PuriShake,PuriShake,PuriShake
6550,PuriShake,PuriShake,PuriShake,PuriShake
6560,PuriShake,PuriShake,PuriShake,PuriShake
6570,PuriShake,PuriShake,PuriShake,PuriShake
6580,PuriShake,PuriShake,PuriShake,PuriShake
6590,PuriShake,PuriShake,PuriShake,PuriShake
6600,PuriShake,PuriShake,PuriShake,PuriShake
6610,PuriShake,PuriShake,PuriShake,PuriShake
6620,PuriShake,PuriShake,PuriShake,PuriShake
6630,PuriShake,PuriShake,PuriShake,PuriShake
6640,PuriShake,PuriShake,PuriShake,PuriShake
6650,PuriShake,PuriShake,PuriShake,PuriShake
6660,PuriShake,PuriShake,PuriShake,PuriShake
6670,PuriShake,PuriShake,PuriShake,PuriShake
6680,PuriShake,PuriShake,PuriShake,PuriShake
6690,PuriShake,PuriShake,PuriShake,PuriShake
6700,PuriShake,PuriShake,PuriShake,PuriShake
6710,PuriShake,PuriShake,PuriShake,PuriShake
6720,PuriShake,PuriShake,PuriShake,PuriShake
6730,PuriShake,PuriShake,PuriShake,PuriShake
6740,PuriShake,PuriShake,PuriShake,PuriShake
6750,PuriShake,PuriShake,PuriShake,PuriShake
6760,PuriShake,PuriShake,PuriShake,PuriShake
6770,PuriShake,PuriShake,PuriShake,PuriShake
6780,PuriShake,PuriShake,PuriShake,PuriShake
6790,PuriShake,PuriShake,PuriShake,PuriShake
6800,PuriShake,PuriShake,PuriShake,PuriShake
6810,PuriShake,PuriShake,PuriShake,PuriShake
6820,PuriShake,PuriShake,PuriShake,PuriShake
6830,PuriShake,PuriShake,PuriShake,PuriShake
6840,PuriShake,PuriShake,PuriShake,PuriShake
6850,PuriShake,PuriShake,PuriShake,PuriShake
6860,PuriShake,PuriShake,PuriShake,PuriShake
6870,PuriShake,PuriShake,PuriShake,PuriShake
6880,PuriShake,PuriShake,PuriShake,PuriShake
6890,PuriShake,PuriShake,PuriShake,PuriShake
6900,PuriShake,PuriShake,PuriShake,PuriShake
6910,PuriShake,PuriShake,PuriShake,PuriShake
6920,PuriShake,PuriShake,PuriShake,PuriShake
6930,PuriShake,PuriShake,PuriShake,PuriShake
6940,PuriShake,PuriShake,PuriShake,PuriShake
6950,PuriShake,PuriShake,PuriShake,PuriShake
6960,PuriShake,PuriShake,PuriShake,PuriShake
6970,PuriMoveTube,PuriMoveTube,PuriMoveTube,PuriMoveTube
6980,PuriMoveTube,PuriMoveTube,PuriMoveTube,PuriMoveTube
6990,PuriMoveTube,PuriMoveTube,PuriMoveTube,PuriMoveTube
7000,PuriMoveTube,PuriMoveTube,PuriMoveTube,PuriMoveTube
7010,PuriMoveTube,PuriMoveTube,PuriMoveTube,PuriMoveTube
7020,PuriMoveTube,PuriMoveTube,PuriMoveTube,PuriMoveTube
7030,PuriTime,PuriTime,PuriTime,PuriTime
7040,PuriTime,PuriTime,PuriTime,PuriTime
7050,PuriTime,PuriTime,PuriTime,PuriTime
7060,PuriPipette,PuriPipette,PuriPipette,PuriPipette
7070,PuriPipette,PuriPipette,PuriPipette,PuriPipette
7080,PuriPipette,PuriPipette,PuriPipette,PuriPipette
7090,PuriPipette,PuriPipette,PuriPipette,PuriPipette
7100,PuriPipette,PuriPipette,PuriPipette,PuriPipette
7110,PuriMoveTube,PuriMoveTube,PuriMoveTube,PuriMoveTube
7120,PuriMoveTube,PuriMoveTube,PuriMoveTube,PuriMoveTube
7130,PuriMoveTube,PuriMoveTube,PuriMoveTube,PuriMoveTube
7140,PuriPipette,PuriPipette, , 
7150,PuriPipette,PuriPipette, , 
7160,PuriPipette,PuriPipette, , 
7170,PuriPipette,PuriPipette, , 
7180,PuriPipette,PuriPipette, , 
7190, , ,PuriPipette,PuriPipette
7200, , ,PuriPipette,PuriPipette
7210, , ,PuriPipette,PuriPipette
7220, , ,PuriPipette,PuriPipette
7230, , ,PuriPipette,PuriPipette
7240,PuriMoveTube,PuriMoveTube,PuriMoveTube,PuriMoveTube
7250,PuriMoveTube,PuriMoveTube,PuriMoveTube,PuriMoveTube
7260,PuriMoveTube,PuriMoveTube,PuriMoveTube,PuriMoveTube
7270,PuriTime,PuriTime,PuriTime,PuriTime
7280,PuriTime,PuriTime,PuriTime,PuriTime
7290,PuriTime,PuriTime,PuriTime,PuriTime
7300,PuriPipette,PuriPipette,PuriPipette,PuriPipette
7310,PuriPipette,PuriPipette,PuriPipette,PuriPipette
7320,PuriPipette,PuriPipette,PuriPipette,PuriPipette
7330,PuriPipette,PuriPipette,PuriPipette,PuriPipette
7340,PuriPipette,PuriPipette,PuriPipette,PuriPipette
7350,PuriMoveTube,PuriMoveTube,PuriMoveTube,PuriMoveTube
7360,PuriMoveTube,PuriMoveTube,PuriMoveTube,PuriMoveTube
7370,PuriMoveTube,PuriMoveTube,PuriMoveTube,PuriMoveTube
7380,PuriPipette,PuriPipette, , 
7390,PuriPipette,PuriPipette, , 
7400,PuriPipette,PuriPipette, , 
7410,PuriPipette,PuriPipette, , 
7420,PuriPipette,PuriPipette, , 
7430, , ,PuriPipette,PuriPipette
7440, , ,PuriPipette,PuriPipette
7450, , ,PuriPipette,PuriPipette
7460, , ,PuriPipette,PuriPipette
7470, , ,PuriPipette,PuriPipette
7480,PuriMoveTube,PuriMoveTube,PuriMoveTube,PuriMoveTube
7490,PuriMoveTube,PuriMoveTube,PuriMoveTube,PuriMoveTube
7500,PuriMoveTube,PuriMoveTube,PuriMoveTube,PuriMoveTube
7510,PuriTime,PuriTime,PuriTime,PuriTime
7520,PuriTime,PuriTime,PuriTime,PuriTime
7530,PuriTime,PuriTime,PuriTime,PuriTime
7540,PuriPipette,PuriPipette,PuriPipette,PuriPipette
7550,PuriPipette,PuriPipette,PuriPipette,PuriPipette
7560,PuriPipette,PuriPipette,PuriPipette,PuriPipette
7570,PuriPipette,PuriPipette,PuriPipette,PuriPipette
7580,PuriPipette,PuriPipette,PuriPipette,PuriPipette
7590,PuriMoveTube,PuriMoveTube,PuriMoveTube,PuriMoveTube
7600,PuriMoveTube,PuriMoveTube,PuriMoveTube,PuriMoveTube
7610,PuriMoveTube,PuriMoveTube,PuriMoveTube,PuriMoveTube
7620,PuriPipette,PuriPipette, , 
7630,PuriPipette,PuriPipette, , 
7640,PuriPipette,PuriPipette, , 
7650,PuriPipette,PuriPipette, , 
7660,PuriPipette,PuriPipette, , 
7670, , ,PuriPipette,PuriPipette
7680, , ,PuriPipette,PuriPipette
7690, , ,PuriPipette,PuriPipette
7700, , ,PuriPipette,PuriPipette
7710, , ,PuriPipette,PuriPipette
7720,PuriMoveTube,PuriMoveTube,PuriMoveTube,PuriMoveTube
7730,PuriMoveTube,PuriMoveTube,PuriMoveTube,PuriMoveTube
7740,PuriMoveTube,PuriMoveTube,PuriMoveTube,PuriMoveTube
7750,PuriTime,PuriTime,PuriTime,PuriTime
7760,PuriTime,PuriTime,PuriTime,PuriTime
7770,PuriTime,PuriTime,PuriTime,PuriTime
7780,PuriPipette,PuriPipette,PuriPipette,PuriPipette
7790,PuriPipette,PuriPipette,PuriPipette,PuriPipette
7800,PuriPipette,PuriPipette,PuriPipette,PuriPipette
7810,PuriPipette,PuriPipette,PuriPipette,PuriPipette
7820,PuriPipette,PuriPipette,PuriPipette,PuriPipette
7830,PuriMoveTube,PuriMoveTube,PuriMoveTube,PuriMoveTube
7840,PuriMoveTube,PuriMoveTube,PuriMoveTube,PuriMoveTube
7850,PuriMoveTube,PuriMoveTube,PuriMoveTube,PuriMoveTube
7860,PuriPipette,PuriPipette,PuriPipette,PuriPipette
7870,PuriPipette,PuriPipette,PuriPipette,PuriPipette
7880,PuriPipette,PuriPipette,PuriPipette,PuriPipette
7890,PuriPipette,PuriPipette,PuriPipette,PuriPipette
7900,PuriPipette,PuriPipette,PuriPipette,PuriPipette
7910,PuriMoveTube,PuriMoveTube,PuriMoveTube,PuriMoveTube
7920,PuriMoveTube,PuriMoveTube,PuriMoveTube,PuriMoveTube
7930,PuriMoveTube,PuriMoveTube,PuriMoveTube,PuriMoveTube
7940,PuriShake,PuriShake,PuriShake,PuriShake
7950,PuriShake,PuriShake,PuriShake,PuriShake
7960,PuriShake,PuriShake,PuriShake,PuriShake
7970,PuriShake,PuriShake,PuriShake,PuriShake
7980,PuriShake,PuriShake,PuriShake,PuriShake
7990,PuriShake,PuriShake,PuriShake,PuriShake
8000,PuriShake,PuriShake,PuriShake,PuriShake
8010,PuriShake,PuriShake,PuriShake,PuriShake
8020,PuriShake,PuriShake,PuriShake,PuriShake
8030,PuriShake,PuriShake,PuriShake,PuriShake
8040,PuriShake,PuriShake,PuriShake,PuriShake
8050,PuriShake,PuriShake,PuriShake,PuriShake
8060,PuriShake,PuriShake,PuriShake,PuriShake
8070,PuriShake,PuriShake,PuriShake,PuriShake
8080,PuriShake,PuriShake,PuriShake,PuriShake
8090,PuriShake,PuriShake,PuriShake,PuriShake
8100,PuriShake,PuriShake,PuriShake,PuriShake
8110,PuriShake,PuriShake,PuriShake,PuriShake
8120,PuriShake,PuriShake,PuriShake,PuriShake
8130,PuriShake,PuriShake,PuriShake,PuriShake
8140,PuriShake,PuriShake,PuriShake,PuriShake
8150,PuriShake,PuriShake,PuriShake,PuriShake
8160,PuriShake,PuriShake,PuriShake,PuriShake
8170,PuriShake,PuriShake,PuriShake,PuriShake
8180,PuriShake,PuriShake,PuriShake,PuriShake
8190,PuriShake,PuriShake,PuriShake,PuriShake
8200,PuriShake,PuriShake,PuriShake,PuriShake
8210,PuriShake,PuriShake,PuriShake,PuriShake
8220,PuriShake,PuriShake,PuriShake,PuriShake
8230,PuriShake,PuriShake,PuriShake,PuriShake
8240,PuriMoveTube,PuriMoveTube,PuriMoveTube,PuriMoveTube
8250,PuriMoveTube,PuriMoveTube,PuriMoveTube,PuriMoveTube
8260,PuriMoveTube,PuriMoveTube,PuriMoveTube,PuriMoveTube
8270,PuriMoveTube,PuriMoveTube,PuriMoveTube,PuriMoveTube
8280,PuriMoveTube,PuriMoveTube,PuriMoveTube,PuriMoveTube
8290,PuriMoveTube,PuriMoveTube,PuriMoveTube,PuriMoveTube
8300,PuriTime,PuriTime,PuriTime,PuriTime
8310,PuriTime,PuriTime,PuriTime,PuriTime
8320,PuriTime,PuriTime,PuriTime,PuriTime
8330,PuriPipette,PuriPipette,PuriPipette,PuriPipette
8340,PuriPipette,PuriPipette,PuriPipette,PuriPipette
8350,PuriPipette,PuriPipette,PuriPipette,PuriPipette
8360,PuriPipette,PuriPipette,PuriPipette,PuriPipette
8370,PuriPipette,PuriPipette,PuriPipette,PuriPipette
8380,PuriMoveTube,PuriMoveTube,PuriMoveTube,PuriMoveTube
8390,PuriMoveTube,PuriMoveTube,PuriMoveTube,PuriMoveTube
8400,PuriMoveTube,PuriMoveTube,PuriMoveTube,PuriMoveTube
8410,PuriPipette,PuriPipette, , 
8420,PuriPipette,PuriPipette, , 
8430,PuriPipette,PuriPipette, , 
8440,PuriPipette,PuriPipette, , 
8450,PuriPipette,PuriPipette, , 
8460, , ,PuriPipette,PuriPipette
8470, , ,PuriPipette,PuriPipette
8480, , ,PuriPipette,PuriPipette
8490, , ,PuriPipette,PuriPipette
8500, , ,PuriPipette,PuriPipette
8510,PuriMoveTube,PuriMoveTube,PuriMoveTube,PuriMoveTube
8520,PuriMoveTube,PuriMoveTube,PuriMoveTube,PuriMoveTube
8530,PuriMoveTube,PuriMoveTube,PuriMoveTube,PuriMoveTube
8540,PuriTime,PuriTime,PuriTime,PuriTime
8550,PuriTime,PuriTime,PuriTime,PuriTime
8560,PuriTime,PuriTime,PuriTime,PuriTime
8570,PuriPipette,PuriPipette,PuriPipette,PuriPipette
8580,PuriPipette,PuriPipette,PuriPipette,PuriPipette
8590,PuriPipette,PuriPipette,PuriPipette,PuriPipette
8600,PuriPipette,PuriPipette,PuriPipette,PuriPipette
8610,PuriPipette,PuriPipette,PuriPipette,PuriPipette
8620,PuriMoveTube,PuriMoveTube,PuriMoveTube,PuriMoveTube
8630,PuriMoveTube,PuriMoveTube,PuriMoveTube,PuriMoveTube
8640,PuriMoveTube,PuriMoveTube,PuriMoveTube,PuriMoveTube
8650,PuriPipette,PuriPipette, , 
8660,PuriPipette,PuriPipette, , 
8670,PuriPipette,PuriPipette, , 
8680,PuriPipette,PuriPipette, , 
8690,PuriPipette,PuriPipette, , 
8700, , ,PuriPipette,PuriPipette
8710, , ,PuriPipette,PuriPipette
8720, , ,PuriPipette,PuriPipette
8730, , ,PuriPipette,PuriPipette
8740, , ,PuriPipette,PuriPipette
8750,PuriMoveTube,PuriMoveTube,PuriMoveTube,PuriMoveTube
8760,PuriMoveTube,PuriMoveTube,PuriMoveTube,PuriMoveTube
8770,PuriMoveTube,PuriMoveTube,PuriMoveTube,PuriMoveTube
8780,PuriTime,PuriTime,PuriTime,PuriTime
8790,PuriTime,PuriTime,PuriTime,PuriTime
8800,PuriTime,PuriTime,PuriTime,PuriTime
8810,PuriPipette,PuriPipette,PuriPipette,PuriPipette
8820,PuriPipette,PuriPipette,PuriPipette,PuriPipette
8830,PuriPipette,PuriPipette,PuriPipette,PuriPipette
8840,PuriPipette,PuriPipette,PuriPipette,PuriPipette
8850,PuriPipette,PuriPipette,PuriPipette,PuriPipette
8860,PuriMoveTube,PuriMoveTube,PuriMoveTube,PuriMoveTube
8870,PuriMoveTube,PuriMoveTube,PuriMoveTube,PuriMoveTube
8880,PuriMoveTube,PuriMoveTube,PuriMoveTube,PuriMoveTube
8890,PuriPipette,PuriPipette, , 
8900,PuriPipette,PuriPipette, , 
8910,PuriPipette,PuriPipette, , 
8920,PuriPipette,PuriPipette, , 
8930,PuriPipette,PuriPipette, , 
8940, , ,PuriPipette,PuriPipette
8950, , ,PuriPipette,PuriPipette
8960, , ,PuriPipette,PuriPipette
8970, , ,PuriPipette,PuriPipette
8980, , ,PuriPipette,PuriPipette
8990,PuriMoveTube,PuriMoveTube,PuriMoveTube,PuriMoveTube
9000,PuriMoveTube,PuriMoveTube,PuriMoveTube,PuriMoveTube
9010,PuriMoveTube,PuriMoveTube,PuriMoveTube,PuriMoveTube
9020,PuriTime,PuriTime,PuriTime,PuriTime
9030,PuriTime,PuriTime,PuriTime,PuriTime
9040,PuriTime,PuriTime,PuriTime,PuriTime
9050,PuriPipette,PuriPipette,PuriPipette,PuriPipette
9060,PuriPipette,PuriPipette,PuriPipette,PuriPipette
9070,PuriPipette,PuriPipette,PuriPipette,PuriPipette
9080,PuriPipette,PuriPipette,PuriPipette,PuriPipette
9090,PuriPipette,PuriPipette,PuriPipette,PuriPipette
9100,PuriMoveTube,PuriMoveTube,PuriMoveTube,PuriMoveTube
9110,PuriMoveTube,PuriMoveTube,PuriMoveTube,PuriMoveTube
9120,PuriMoveTube,PuriMoveTube,PuriMoveTube,PuriMoveTube
9130,PuriPipette,PuriPipette,PuriPipette,PuriPipette
9140,PuriPipette,PuriPipette,PuriPipette,PuriPipette
9150,PuriPipette,PuriPipette,PuriPipette,PuriPipette
9160,PuriPipette,PuriPipette,PuriPipette,PuriPipette
9170,PuriPipette,PuriPipette,PuriPipette,PuriPipette
9180,PuriPipette,PuriPipette,PuriPipette,PuriPipette
9190,PuriPipette,PuriPipette,PuriPipette,PuriPipette
9200,PuriPipette,PuriPipette,PuriPipette,PuriPipette
9210,PuriPipette,PuriPipette,PuriPipette,PuriPipette
9220,PuriPipette,PuriPipette,PuriPipette,PuriPipette
9230,PuriPipette,PuriPipette,PuriPipette,PuriPipette
9240,PuriPipette,PuriPipette,PuriPipette,PuriPipette
9250,PuriPipette,PuriPipette,PuriPipette,PuriPipette
9260,PuriPipette,PuriPipette,PuriPipette,PuriPipette
9270,PuriPipette,PuriPipette,PuriPipette,PuriPipette
9280,PuriPipette,PuriPipette,PuriPipette,PuriPipette
9290,PuriPipette,PuriPipette,PuriPipette,PuriPipette
9300,PuriPipette,PuriPipette,PuriPipette,PuriPipette
9310,PuriPipette,PuriPipette,PuriPipette,PuriPipette
9320,PuriPipette,PuriPipette,PuriPipette,PuriPipette
9330,PuriPipette,PuriPipette,PuriPipette,PuriPipette
9340,PuriPipette,PuriPipette,PuriPipette,PuriPipette
9350,PuriPipette,PuriPipette,PuriPipette,PuriPipette
9360,PuriPipette,PuriPipette,PuriPipette,PuriPipette
9370,PuriPipette,PuriPipette,PuriPipette,PuriPipette
9380,PuriMoveTube,PuriMoveTube,PuriMoveTube,PuriMoveTube
9390,PuriMoveTube,PuriMoveTube,PuriMoveTube,PuriMoveTube
9400,PuriMoveTube,PuriMoveTube,PuriMoveTube,PuriMoveTube
9410,PuriShake,PuriShake,PuriShake,PuriShake
9420,PuriShake,PuriShake,PuriShake,PuriShake
9430,PuriShake,PuriShake,PuriShake,PuriShake
9440,PuriShake,PuriShake,PuriShake,PuriShake
9450,PuriShake,PuriShake,PuriShake,PuriShake
9460,PuriShake,PuriShake,PuriShake,PuriShake
9470,PuriShake,PuriShake,PuriShake,PuriShake
9480,PuriShake,PuriShake,PuriShake,PuriShake
9490,PuriShake,PuriShake,PuriShake,PuriShake
9500,PuriShake,PuriShake,PuriShake,PuriShake
9510,PuriShake,PuriShake,PuriShake,PuriShake
9520,PuriShake,PuriShake,PuriShake,PuriShake
9530,PuriShake,PuriShake,PuriShake,PuriShake
9540,PuriShake,PuriShake,PuriShake,PuriShake
9550,PuriShake,PuriShake,PuriShake,PuriShake
9560,PuriShake,PuriShake,PuriShake,PuriShake
9570,PuriShake,PuriShake,PuriShake,PuriShake
9580,PuriShake,PuriShake,PuriShake,PuriShake
9590,PuriShake,PuriShake,PuriShake,PuriShake
9600,PuriShake,PuriShake,PuriShake,PuriShake
9610,PuriShake,PuriShake,PuriShake,PuriShake
9620,PuriShake,PuriShake,PuriShake,PuriShake
9630,PuriShake,PuriShake,PuriShake,PuriShake
9640,PuriShake,PuriShake,PuriShake,PuriShake
9650,PuriShake,PuriShake,PuriShake,PuriShake
9660,PuriShake,PuriShake,PuriShake,PuriShake
9670,PuriShake,PuriShake,PuriShake,PuriShake
9680,PuriShake,PuriShake,PuriShake,PuriShake
9690,PuriShake,PuriShake,PuriShake,PuriShake
9700,PuriShake,PuriShake,PuriShake,PuriShake
9710,PuriShake,PuriShake,PuriShake,PuriShake
9720,PuriShake,PuriShake,PuriShake,PuriShake
9730,PuriShake,PuriShake,PuriShake,PuriShake
9740,PuriShake,PuriShake,PuriShake,PuriShake
9750,PuriShake,PuriShake,PuriShake,PuriShake
9760,PuriShake,PuriShake,PuriShake,PuriShake
9770,PuriShake,PuriShake,PuriShake,PuriShake
9780,PuriShake,PuriShake,PuriShake,PuriShake
9790,PuriShake,PuriShake,PuriShake,PuriShake
9800,PuriShake,PuriShake,PuriShake,PuriShake
9810,PuriShake,PuriShake,PuriShake,PuriShake
9820,PuriShake,PuriShake,PuriShake,PuriShake
9830,PuriShake,PuriShake,PuriShake,PuriShake
9840,PuriShake,PuriShake,PuriShake,PuriShake
9850,PuriShake,PuriShake,PuriShake,PuriShake
9860,PuriShake,PuriShake,PuriShake,PuriShake
9870,PuriShake,PuriShake,PuriShake,PuriShake
9880,PuriShake,PuriShake,PuriShake,PuriShake
9890,PuriShake,PuriShake,PuriShake,PuriShake
9900,PuriShake,PuriShake,PuriShake,PuriShake
9910,PuriShake,PuriShake,PuriShake,PuriShake
9920,PuriShake,PuriShake,PuriShake,PuriShake
9930,PuriShake,PuriShake,PuriShake,PuriShake
9940,PuriShake,PuriShake,PuriShake,PuriShake
9950,PuriShake,PuriShake,PuriShake,PuriShake
9960,PuriShake,PuriShake,PuriShake,PuriShake
9970,PuriShake,PuriShake,PuriShake,PuriShake
9980,PuriShake,PuriShake,PuriShake,PuriShake
9990,PuriShake,PuriShake,PuriShake,PuriShake
10000,PuriShake,PuriShake,PuriShake,PuriShake
10010,PuriMoveTube,PuriMoveTube,PuriMoveTube,PuriMoveTube
10020,PuriMoveTube,PuriMoveTube,PuriMoveTube,PuriMoveTube
10030,PuriMoveTube,PuriMoveTube,PuriMoveTube,PuriMoveTube
10040,PuriMoveTube,PuriMoveTube,PuriMoveTube,PuriMoveTube
10050,PuriMoveTube,PuriMoveTube,PuriMoveTube,PuriMoveTube
10060,PuriMoveTube,PuriMoveTube,PuriMoveTube,PuriMoveTube
10070,PuriTime,PuriTime,PuriTime,PuriTime
10080,PuriTime,PuriTime,PuriTime,PuriTime
10090,PuriTime,PuriTime,PuriTime,PuriTime
10100,PuriPipette,PuriPipette,PuriPipette,PuriPipette
10110,PuriPipette,PuriPipette,PuriPipette,PuriPipette
10120,PuriPipette,PuriPipette,PuriPipette,PuriPipette
10130,PuriPipette,PuriPipette,PuriPipette,PuriPipette
10140,PuriPipette,PuriPipette,PuriPipette,PuriPipette
10150,PuriMoveTube,PuriMoveTube,PuriMoveTube,PuriMoveTube
10160,PuriMoveTube,PuriMoveTube,PuriMoveTube,PuriMoveTube
10170,PuriMoveTube,PuriMoveTube,PuriMoveTube,PuriMoveTube
10180,PuriPipette,PuriPipette, , 
10190,PuriPipette,PuriPipette, , 
10200,PuriPipette,PuriPipette, , 
10210,PuriPipette,PuriPipette, , 
10220,PuriPipette,PuriPipette, , 
10230, , ,PuriPipette,PuriPipette
10240, , ,PuriPipette,PuriPipette
10250, , ,PuriPipette,PuriPipette
10260, , ,PuriPipette,PuriPipette
10270, , ,PuriPipette,PuriPipette
10280,PuriMoveTube,PuriMoveTube,PuriMoveTube,PuriMoveTube
10290,PuriMoveTube,PuriMoveTube,PuriMoveTube,PuriMoveTube
10300,PuriMoveTube,PuriMoveTube,PuriMoveTube,PuriMoveTube
10310,PuriTime,PuriTime,PuriTime,PuriTime
10320,PuriTime,PuriTime,PuriTime,PuriTime
10330,PuriTime,PuriTime,PuriTime,PuriTime
10340,PuriPipette,PuriPipette,PuriPipette,PuriPipette
10350,PuriPipette,PuriPipette,PuriPipette,PuriPipette
10360,PuriPipette,PuriPipette,PuriPipette,PuriPipette
10370,PuriPipette,PuriPipette,PuriPipette,PuriPipette
10380,PuriPipette,PuriPipette,PuriPipette,PuriPipette
10390,PuriMoveTube,PuriMoveTube,PuriMoveTube,PuriMoveTube
10400,PuriMoveTube,PuriMoveTube,PuriMoveTube,PuriMoveTube
10410,PuriMoveTube,PuriMoveTube,PuriMoveTube,PuriMoveTube
10420,PuriPipette,PuriPipette, , 
10430,PuriPipette,PuriPipette, , 
10440,PuriPipette,PuriPipette, , 
10450,PuriPipette,PuriPipette, , 
10460,PuriPipette,PuriPipette, , 
10470, , ,PuriPipette,PuriPipette
10480, , ,PuriPipette,PuriPipette
10490, , ,PuriPipette,PuriPipette
10500, , ,PuriPipette,PuriPipette
10510, , ,PuriPipette,PuriPipette
10520,PuriMoveTube,PuriMoveTube,PuriMoveTube,PuriMoveTube
10530,PuriMoveTube,PuriMoveTube,PuriMoveTube,PuriMoveTube
10540,PuriMoveTube,PuriMoveTube,PuriMoveTube,PuriMoveTube
10550,PuriTime,PuriTime,PuriTime,PuriTime
10560,PuriTime,PuriTime,PuriTime,PuriTime
10570,PuriTime,PuriTime,PuriTime,PuriTime
10580,PuriPipette,PuriPipette,PuriPipette,PuriPipette
10590,PuriPipette,PuriPipette,PuriPipette,PuriPipette
10600,PuriPipette,PuriPipette,PuriPipette,PuriPipette
10610,PuriPipette,PuriPipette,PuriPipette,PuriPipette
10620,PuriPipette,PuriPipette,PuriPipette,PuriPipette
10630,PuriMoveTube,PuriMoveTube,PuriMoveTube,PuriMoveTube
10640,PuriMoveTube,PuriMoveTube,PuriMoveTube,PuriMoveTube
10650,PuriMoveTube,PuriMoveTube,PuriMoveTube,PuriMoveTube
10660,PuriPipette,PuriPipette, , 
10670,PuriPipette,PuriPipette, , 
10680,PuriPipette,PuriPipette, , 
10690,PuriPipette,PuriPipette, , 
10700,PuriPipette,PuriPipette, , 
10710, , ,PuriPipette,PuriPipette
10720, , ,PuriPipette,PuriPipette
10730, , ,PuriPipette,PuriPipette
10740, , ,PuriPipette,PuriPipette
10750, , ,PuriPipette,PuriPipette
10760,PuriMoveTube,PuriMoveTube,PuriMoveTube,PuriMoveTube
10770,PuriMoveTube,PuriMoveTube,PuriMoveTube,PuriMoveTube
10780,PuriMoveTube,PuriMoveTube,PuriMoveTube,PuriMoveTube
10790,PuriTime,PuriTime,PuriTime,PuriTime
10800,PuriTime,PuriTime,PuriTime,PuriTime
10810,PuriTime,PuriTime,PuriTime,PuriTime
10820,PuriPipette,PuriPipette,PuriPipette,PuriPipette
10830,PuriPipette,PuriPipette,PuriPipette,PuriPipette
10840,PuriPipette,PuriPipette,PuriPipette,PuriPipette
10850,PuriPipette,PuriPipette,PuriPipette,PuriPipette
10860,PuriPipette,PuriPipette,PuriPipette,PuriPipette
10870,PuriMoveTube,PuriMoveTube,PuriMoveTube,PuriMoveTube
10880,PuriMoveTube,PuriMoveTube,PuriMoveTube,PuriMoveTube
10890,PuriMoveTube,PuriMoveTube,PuriMoveTube,PuriMoveTube
10900,PuriPipette,PuriPipette,PuriPipette,PuriPipette
10910,PuriPipette,PuriPipette,PuriPipette,PuriPipette
10920,PuriPipette,PuriPipette,PuriPipette,PuriPipette
10930,PuriPipette,PuriPipette,PuriPipette,PuriPipette
10940,PuriPipette,PuriPipette,PuriPipette,PuriPipette
10950,PuriMoveTube,PuriMoveTube,PuriMoveTube,PuriMoveTube
10960,PuriMoveTube,PuriMoveTube,PuriMoveTube,PuriMoveTube
10970,PuriMoveTube,PuriMoveTube,PuriMoveTube,PuriMoveTube
10980,PuriShake,PuriShake,PuriShake,PuriShake
10990,PuriShake,PuriShake,PuriShake,PuriShake
11000,PuriShake,PuriShake,PuriShake,PuriShake
11010,PuriShake,PuriShake,PuriShake,PuriShake
11020,PuriShake,PuriShake,PuriShake,PuriShake
11030,PuriShake,PuriShake,PuriShake,PuriShake
11040,PuriShake,PuriShake,PuriShake,PuriShake
11050,PuriShake,PuriShake,PuriShake,PuriShake
11060,PuriShake,PuriShake,PuriShake,PuriShake
11070,PuriShake,PuriShake,PuriShake,PuriShake
11080,PuriShake,PuriShake,PuriShake,PuriShake
11090,PuriShake,PuriShake,PuriShake,PuriShake
11100,PuriShake,PuriShake,PuriShake,PuriShake
11110,PuriShake,PuriShake,PuriShake,PuriShake
11120,PuriShake,PuriShake,PuriShake,PuriShake
11130,PuriShake,PuriShake,PuriShake,PuriShake
11140,PuriShake,PuriShake,PuriShake,PuriShake
11150,PuriShake,PuriShake,PuriShake,PuriShake
11160,PuriShake,PuriShake,PuriShake,PuriShake
11170,PuriShake,PuriShake,PuriShake,PuriShake
11180,PuriShake,PuriShake,PuriShake,PuriShake
11190,PuriShake,PuriShake,PuriShake,PuriShake
11200,PuriShake,PuriShake,PuriShake,PuriShake
11210,PuriShake,PuriShake,PuriShake,PuriShake
11220,PuriShake,PuriShake,PuriShake,PuriShake
11230,PuriShake,PuriShake,PuriShake,PuriShake
11240,PuriShake,PuriShake,PuriShake,PuriShake
11250,PuriShake,PuriShake,PuriShake,PuriShake
11260,PuriShake,PuriShake,PuriShake,PuriShake
11270,PuriShake,PuriShake,PuriShake,PuriShake
11280,PuriMoveTube,PuriMoveTube,PuriMoveTube,PuriMoveTube
11290,PuriMoveTube,PuriMoveTube,PuriMoveTube,PuriMoveTube
11300,PuriMoveTube,PuriMoveTube,PuriMoveTube,PuriMoveTube
11310,PuriMoveTube,PuriMoveTube,PuriMoveTube,PuriMoveTube
11320,PuriMoveTube,PuriMoveTube,PuriMoveTube,PuriMoveTube
11330,PuriMoveTube,PuriMoveTube,PuriMoveTube,PuriMoveTube
11340,PuriTime,PuriTime,PuriTime,PuriTime
11350,PuriTime,PuriTime,PuriTime,PuriTime
11360,PuriTime,PuriTime,PuriTime,PuriTime
11370,PuriPipette,PuriPipette,PuriPipette,PuriPipette
11380,PuriPipette,PuriPipette,PuriPipette,PuriPipette
11390,PuriPipette,PuriPipette,PuriPipette,PuriPipette
11400,PuriPipette,PuriPipette,PuriPipette,PuriPipette
11410,PuriPipette,PuriPipette,PuriPipette,PuriPipette
11420,PuriMoveTube,PuriMoveTube,PuriMoveTube,PuriMoveTube
11430,PuriMoveTube,PuriMoveTube,PuriMoveTube,PuriMoveTube
11440,PuriMoveTube,PuriMoveTube,PuriMoveTube,PuriMoveTube
11450,PuriPipette,PuriPipette, , 
11460,PuriPipette,PuriPipette, , 
11470,PuriPipette,PuriPipette, , 
11480,PuriPipette,PuriPipette, , 
11490,PuriPipette,PuriPipette, , 
11500, , ,PuriPipette,PuriPipette
11510, , ,PuriPipette,PuriPipette
11520, , ,PuriPipette,PuriPipette
11530, , ,PuriPipette,PuriPipette
11540, , ,PuriPipette,PuriPipette
11550,PuriMoveTube,PuriMoveTube,PuriMoveTube,PuriMoveTube
11560,PuriMoveTube,PuriMoveTube,PuriMoveTube,PuriMoveTube
11570,PuriMoveTube,PuriMoveTube,PuriMoveTube,PuriMoveTube
11580,PuriTime,PuriTime,PuriTime,PuriTime
11590,PuriTime,PuriTime,PuriTime,PuriTime
11600,PuriTime,PuriTime,PuriTime,PuriTime
11610,PuriPipette,PuriPipette,PuriPipette,PuriPipette
11620,PuriPipette,PuriPipette,PuriPipette,PuriPipette
11630,PuriPipette,PuriPipette,PuriPipette,PuriPipette
11640,PuriPipette,PuriPipette,PuriPipette,PuriPipette
11650,PuriPipette,PuriPipette,PuriPipette,PuriPipette
11660,PuriMoveTube,PuriMoveTube,PuriMoveTube,PuriMoveTube
11670,PuriMoveTube,PuriMoveTube,PuriMoveTube,PuriMoveTube
11680,PuriMoveTube,PuriMoveTube,PuriMoveTube,PuriMoveTube
11690,PuriPipette,PuriPipette, , 
11700,PuriPipette,PuriPipette, , 
11710,PuriPipette,PuriPipette, , 
11720,PuriPipette,PuriPipette, , 
11730,PuriPipette,PuriPipette, , 
11740, , ,PuriPipette,PuriPipette
11750, , ,PuriPipette,PuriPipette
11760, , ,PuriPipette,PuriPipette
11770, , ,PuriPipette,PuriPipette
11780, , ,PuriPipette,PuriPipette
11790,PuriMoveTube,PuriMoveTube,PuriMoveTube,PuriMoveTube
11800,PuriMoveTube,PuriMoveTube,PuriMoveTube,PuriMoveTube
11810,PuriMoveTube,PuriMoveTube,PuriMoveTube,PuriMoveTube
11820,PuriTime,PuriTime,PuriTime,PuriTime
11830,PuriTime,PuriTime,PuriTime,PuriTime
11840,PuriTime,PuriTime,PuriTime,PuriTime
11850,PuriPipette,PuriPipette,PuriPipette,PuriPipette
11860,PuriPipette,PuriPipette,PuriPipette,PuriPipette
11870,PuriPipette,PuriPipette,PuriPipette,PuriPipette
11880,PuriPipette,PuriPipette,PuriPipette,PuriPipette
11890,PuriPipette,PuriPipette,PuriPipette,PuriPipette
11900,PuriMoveTube,PuriMoveTube,PuriMoveTube,PuriMoveTube
11910,PuriMoveTube,PuriMoveTube,PuriMoveTube,PuriMoveTube
11920,PuriMoveTube,PuriMoveTube,PuriMoveTube,PuriMoveTube
11930,PuriPipette,PuriPipette, , 
11940,PuriPipette,PuriPipette, , 
11950,PuriPipette,PuriPipette, , 
11960,PuriPipette,PuriPipette, , 
11970,PuriPipette,PuriPipette, , 
11980, , ,PuriPipette,PuriPipette
11990, , ,PuriPipette,PuriPipette
12000, , ,PuriPipette,PuriPipette
12010, , ,PuriPipette,PuriPipette
12020, , ,PuriPipette,PuriPipette
12030,PuriMoveTube,PuriMoveTube,PuriMoveTube,PuriMoveTube
12040,PuriMoveTube,PuriMoveTube,PuriMoveTube,PuriMoveTube
12050,PuriMoveTube,PuriMoveTube,PuriMoveTube,PuriMoveTube
12060,PuriTime,PuriTime,PuriTime,PuriTime
12070,PuriTime,PuriTime,PuriTime,PuriTime
12080,PuriTime,PuriTime,PuriTime,PuriTime
12090,PuriPipette,PuriPipette,PuriPipette,PuriPipette
12100,PuriPipette,PuriPipette,PuriPipette,PuriPipette
12110,PuriPipette,PuriPipette,PuriPipette,PuriPipette
12120,PuriPipette,PuriPipette,PuriPipette,PuriPipette
12130,PuriPipette,PuriPipette,PuriPipette,PuriPipette
12140,PuriMoveTube,PuriMoveTube,PuriMoveTube,PuriMoveTube
12150,PuriMoveTube,PuriMoveTube,PuriMoveTube,PuriMoveTube
12160,PuriMoveTube,PuriMoveTube,PuriMoveTube,PuriMoveTube
12170,PuriPipette,PuriPipette,PuriPipette,PuriPipette
12180,PuriPipette,PuriPipette,PuriPipette,PuriPipette
12190,PuriPipette,PuriPipette,PuriPipette,PuriPipette
12200,PuriPipette,PuriPipette,PuriPipette,PuriPipette
12210,PuriPipette,PuriPipette,PuriPipette,PuriPipette
12220,PuriPipette,PuriPipette,PuriPipette,PuriPipette
12230,PuriPipette,PuriPipette,PuriPipette,PuriPipette
12240,PuriPipette,PuriPipette,PuriPipette,PuriPipette
12250,PuriPipette,PuriPipette,PuriPipette,PuriPipette
12260,PuriPipette,PuriPipette,PuriPipette,PuriPipette
12270,PuriPipette,PuriPipette,PuriPipette,PuriPipette
12280,PuriPipette,PuriPipette,PuriPipette,PuriPipette
12290,PuriPipette,PuriPipette,PuriPipette,PuriPipette
12300,PuriPipette,PuriPipette,PuriPipette,PuriPipette
12310,PuriPipette,PuriPipette,PuriPipette,PuriPipette
12320,PuriPipette,PuriPipette,PuriPipette,PuriPipette
12330,PuriPipette,PuriPipette,PuriPipette,PuriPipette
12340,PuriPipette,PuriPipette,PuriPipette,PuriPipette
12350,PuriPipette,PuriPipette,PuriPipette,PuriPipette
12360,PuriPipette,PuriPipette,PuriPipette,PuriPipette
12370,PuriPipette,PuriPipette,PuriPipette,PuriPipette
12380,PuriPipette,PuriPipette,PuriPipette,PuriPipette
12390,PuriPipette,PuriPipette,PuriPipette,PuriPipette
12400,PuriPipette,PuriPipette,PuriPipette,PuriPipette
12410,PuriPipette,PuriPipette,PuriPipette,PuriPipette
12420,PuriMoveTube,PuriMoveTube,PuriMoveTube,PuriMoveTube
12430,PuriMoveTube,PuriMoveTube,PuriMoveTube,PuriMoveTube
12440,PuriMoveTube,PuriMoveTube,PuriMoveTube,PuriMoveTube
12450,PuriShake,PuriShake,PuriShake,PuriShake
12460,PuriShake,PuriShake,PuriShake,PuriShake
12470,PuriShake,PuriShake,PuriShake,PuriShake
12480,PuriShake,PuriShake,PuriShake,PuriShake
12490,PuriShake,PuriShake,PuriShake,PuriShake
12500,PuriShake,PuriShake,PuriShake,PuriShake
12510,PuriShake,PuriShake,PuriShake,PuriShake
12520,PuriShake,PuriShake,PuriShake,PuriShake
12530,PuriShake,PuriShake,PuriShake,PuriShake
12540,PuriShake,PuriShake,PuriShake,PuriShake
12550,PuriShake,PuriShake,PuriShake,PuriShake
12560,PuriShake,PuriShake,PuriShake,PuriShake
12570,PuriShake,PuriShake,PuriShake,PuriShake
12580,PuriShake,PuriShake,PuriShake,PuriShake
12590,PuriShake,PuriShake,PuriShake,PuriShake
12600,PuriShake,PuriShake,PuriShake,PuriShake
12610,PuriShake,PuriShake,PuriShake,PuriShake
12620,PuriShake,PuriShake,PuriShake,PuriShake
12630,PuriShake,PuriShake,PuriShake,PuriShake
12640,PuriShake,PuriShake,PuriShake,PuriShake
12650,PuriShake,PuriShake,PuriShake,PuriShake
12660,PuriShake,PuriShake,PuriShake,PuriShake
12670,PuriShake,PuriShake,PuriShake,PuriShake
12680,PuriShake,PuriShake,PuriShake,PuriShake
12690,PuriShake,PuriShake,PuriShake,PuriShake
12700,PuriShake,PuriShake,PuriShake,PuriShake
12710,PuriShake,PuriShake,PuriShake,PuriShake
12720,PuriShake,PuriShake,PuriShake,PuriShake
12730,PuriShake,PuriShake,PuriShake,PuriShake
12740,PuriShake,PuriShake,PuriShake,PuriShake
12750,PuriShake,PuriShake,PuriShake,PuriShake
12760,PuriShake,PuriShake,PuriShake,PuriShake
12770,PuriShake,PuriShake,PuriShake,PuriShake
12780,PuriShake,PuriShake,PuriShake,PuriShake
12790,PuriShake,PuriShake,PuriShake,PuriShake
12800,PuriShake,PuriShake,PuriShake,PuriShake
12810,PuriShake,PuriShake,PuriShake,PuriShake
12820,PuriShake,PuriShake,PuriShake,PuriShake
12830,PuriShake,PuriShake,PuriShake,PuriShake
12840,PuriShake,PuriShake,PuriShake,PuriShake
12850,PuriShake,PuriShake,PuriShake,PuriShake
12860,PuriShake,PuriShake,PuriShake,PuriShake
12870,PuriShake,PuriShake,PuriShake,PuriShake
12880,PuriShake,PuriShake,PuriShake,PuriShake
12890,PuriShake,PuriShake,PuriShake,PuriShake
12900,PuriShake,PuriShake,PuriShake,PuriShake
12910,PuriShake,PuriShake,PuriShake,PuriShake
12920,PuriShake,PuriShake,PuriShake,PuriShake
12930,PuriShake,PuriShake,PuriShake,PuriShake
12940,PuriShake,PuriShake,PuriShake,PuriShake
12950,PuriShake,PuriShake,PuriShake,PuriShake
12960,PuriShake,PuriShake,PuriShake,PuriShake
12970,PuriShake,PuriShake,PuriShake,PuriShake
12980,PuriShake,PuriShake,PuriShake,PuriShake
12990,PuriShake,PuriShake,PuriShake,PuriShake
13000,PuriShake,PuriShake,PuriShake,PuriShake
13010,PuriShake,PuriShake,PuriShake,PuriShake
13020,PuriShake,PuriShake,PuriShake,PuriShake
13030,PuriShake,PuriShake,PuriShake,PuriShake
13040,PuriShake,PuriShake,PuriShake,PuriShake
13050,PuriMoveTube,PuriMoveTube,PuriMoveTube,PuriMoveTube
13060,PuriMoveTube,PuriMoveTube,PuriMoveTube,PuriMoveTube
13070,PuriMoveTube,PuriMoveTube,PuriMoveTube,PuriMoveTube
13080,PuriMoveTube,PuriMoveTube,PuriMoveTube,PuriMoveTube
13090,PuriMoveTube,PuriMoveTube,PuriMoveTube,PuriMoveTube
13100,PuriMoveTube,PuriMoveTube,PuriMoveTube,PuriMoveTube
13110,PuriTime,PuriTime,PuriTime,PuriTime
13120,PuriTime,PuriTime,PuriTime,PuriTime
13130,PuriTime,PuriTime,PuriTime,PuriTime
13140,PuriPipette,PuriPipette,PuriPipette,PuriPipette
13150,PuriPipette,PuriPipette,PuriPipette,PuriPipette
13160,PuriPipette,PuriPipette,PuriPipette,PuriPipette
13170,PuriPipette,PuriPipette,PuriPipette,PuriPipette
13180,PuriPipette,PuriPipette,PuriPipette,PuriPipette
13190,PuriMoveTube,PuriMoveTube,PuriMoveTube,PuriMoveTube
13200,PuriMoveTube,PuriMoveTube,PuriMoveTube,PuriMoveTube
13210,PuriMoveTube,PuriMoveTube,PuriMoveTube,PuriMoveTube
13220,PuriPipette,PuriPipette, , 
13230,PuriPipette,PuriPipette, , 
13240,PuriPipette,PuriPipette, , 
13250,PuriPipette,PuriPipette, , 
13260,PuriPipette,PuriPipette, , 
13270, , ,PuriPipette,PuriPipette
13280, , ,PuriPipette,PuriPipette
13290, , ,PuriPipette,PuriPipette
13300, , ,PuriPipette,PuriPipette
13310, , ,PuriPipette,PuriPipette
13320,PuriMoveTube,PuriMoveTube,PuriMoveTube,PuriMoveTube
13330,PuriMoveTube,PuriMoveTube,PuriMoveTube,PuriMoveTube
13340,PuriMoveTube,PuriMoveTube,PuriMoveTube,PuriMoveTube
13350,PuriTime,PuriTime,PuriTime,PuriTime
13360,PuriTime,PuriTime,PuriTime,PuriTime
13370,PuriTime,PuriTime,PuriTime,PuriTime
13380,PuriPipette,PuriPipette,PuriPipette,PuriPipette
13390,PuriPipette,PuriPipette,PuriPipette,PuriPipette
13400,PuriPipette,PuriPipette,PuriPipette,PuriPipette
13410,PuriPipette,PuriPipette,PuriPipette,PuriPipette
13420,PuriPipette,PuriPipette,PuriPipette,PuriPipette
13430,PuriMoveTube,PuriMoveTube,PuriMoveTube,PuriMoveTube
13440,PuriMoveTube,PuriMoveTube,PuriMoveTube,PuriMoveTube
13450,PuriMoveTube,PuriMoveTube,PuriMoveTube,PuriMoveTube
13460,PuriPipette,PuriPipette, , 
13470,PuriPipette,PuriPipette, , 
13480,PuriPipette,PuriPipette, , 
13490,PuriPipette,PuriPipette, , 
13500,PuriPipette,PuriPipette, , 
13510, , ,PuriPipette,PuriPipette
13520, , ,PuriPipette,PuriPipette
13530, , ,PuriPipette,PuriPipette
13540, , ,PuriPipette,PuriPipette
13550, , ,PuriPipette,PuriPipette
13560,PuriMoveTube,PuriMoveTube,PuriMoveTube,PuriMoveTube
13570,PuriMoveTube,PuriMoveTube,PuriMoveTube,PuriMoveTube
13580,PuriMoveTube,PuriMoveTube,PuriMoveTube,PuriMoveTube
13590,PuriTime,PuriTime,PuriTime,PuriTime
13600,PuriTime,PuriTime,PuriTime,PuriTime
13610,PuriTime,PuriTime,PuriTime,PuriTime
13620,PuriPipette,PuriPipette,PuriPipette,PuriPipette
13630,PuriPipette,PuriPipette,PuriPipette,PuriPipette
13640,PuriPipette,PuriPipette,PuriPipette,PuriPipette
13650,PuriPipette,PuriPipette,PuriPipette,PuriPipette
13660,PuriPipette,PuriPipette,PuriPipette,PuriPipette
13670,PuriMoveTube,PuriMoveTube,PuriMoveTube,PuriMoveTube
13680,PuriMoveTube,PuriMoveTube,PuriMoveTube,PuriMoveTube
13690,PuriMoveTube,PuriMoveTube,PuriMoveTube,PuriMoveTube
13700,PuriPipette,PuriPipette, , 
13710,PuriPipette,PuriPipette, , 
13720,PuriPipette,PuriPipette, , 
13730,PuriPipette,PuriPipette, , 
13740,PuriPipette,PuriPipette, , 
13750, , ,PuriPipette,PuriPipette
13760, , ,PuriPipette,PuriPipette
13770, , ,PuriPipette,PuriPipette
13780, , ,PuriPipette,PuriPipette
13790, , ,PuriPipette,PuriPipette
13800,PuriMoveTube,PuriMoveTube,PuriMoveTube,PuriMoveTube
13810,PuriMoveTube,PuriMoveTube,PuriMoveTube,PuriMoveTube
13820,PuriMoveTube,PuriMoveTube,PuriMoveTube,PuriMoveTube
13830,PuriTime,PuriTime,PuriTime,PuriTime
13840,PuriTime,PuriTime,PuriTime,PuriTime
13850,PuriTime,PuriTime,PuriTime,PuriTime
13860,PuriPipette,PuriPipette,PuriPipette,PuriPipette
13870,PuriPipette,PuriPipette,PuriPipette,PuriPipette
13880,PuriPipette,PuriPipette,PuriPipette,PuriPipette
13890,PuriPipette,PuriPipette,PuriPipette,PuriPipette
13900,PuriPipette,PuriPipette,PuriPipette,PuriPipette
13910,PuriMoveTube,PuriMoveTube,PuriMoveTube,PuriMoveTube
13920,PuriMoveTube,PuriMoveTube,PuriMoveTube,PuriMoveTube
13930,PuriMoveTube,PuriMoveTube,PuriMoveTube,PuriMoveTube
13940,PuriPipette,PuriPipette,PuriPipette,PuriPipette
13950,PuriPipette,PuriPipette,PuriPipette,PuriPipette
13960,PuriPipette,PuriPipette,PuriPipette,PuriPipette
13970,PuriPipette,PuriPipette,PuriPipette,PuriPipette
13980,PuriPipette,PuriPipette,PuriPipette,PuriPipette
13990,PuriMoveTube,PuriMoveTube,PuriMoveTube,PuriMoveTube
14000,PuriMoveTube,PuriMoveTube,PuriMoveTube,PuriMoveTube
14010,PuriMoveTube,PuriMoveTube,PuriMoveTube,PuriMoveTube
14020,PuriShake,PuriShake,PuriShake,PuriShake
14030,PuriShake,PuriShake,PuriShake,PuriShake
14040,PuriShake,PuriShake,PuriShake,PuriShake
14050,PuriShake,PuriShake,PuriShake,PuriShake
14060,PuriShake,PuriShake,PuriShake,PuriShake
14070,PuriShake,PuriShake,PuriShake,PuriShake
14080,PuriShake,PuriShake,PuriShake,PuriShake
14090,PuriShake,PuriShake,PuriShake,PuriShake
14100,PuriShake,PuriShake,PuriShake,PuriShake
14110,PuriShake,PuriShake,PuriShake,PuriShake
14120,PuriShake,PuriShake,PuriShake,PuriShake
14130,PuriShake,PuriShake,PuriShake,PuriShake
14140,PuriShake,PuriShake,PuriShake,PuriShake
14150,PuriShake,PuriShake,PuriShake,PuriShake
14160,PuriShake,PuriShake,PuriShake,PuriShake
14170,PuriShake,PuriShake,PuriShake,PuriShake
14180,PuriShake,PuriShake,PuriShake,PuriShake
14190,PuriShake,PuriShake,PuriShake,PuriShake
14200,PuriShake,PuriShake,PuriShake,PuriShake
14210,PuriShake,PuriShake,PuriShake,PuriShake
14220,PuriShake,PuriShake,PuriShake,PuriShake
14230,PuriShake,PuriShake,PuriShake,PuriShake
14240,PuriShake,PuriShake,PuriShake,PuriShake
14250,PuriShake,PuriShake,PuriShake,PuriShake
14260,PuriShake,PuriShake,PuriShake,PuriShake
14270,PuriShake,PuriShake,PuriShake,PuriShake
14280,PuriShake,PuriShake,PuriShake,PuriShake
14290,PuriShake,PuriShake,PuriShake,PuriShake
14300,PuriShake,PuriShake,PuriShake,PuriShake
14310,PuriShake,PuriShake,PuriShake,PuriShake
14320,PuriMoveTube,PuriMoveTube,PuriMoveTube,PuriMoveTube
14330,PuriMoveTube,PuriMoveTube,PuriMoveTube,PuriMoveTube
14340,PuriMoveTube,PuriMoveTube,PuriMoveTube,PuriMoveTube
14350,PuriMoveTube,PuriMoveTube,PuriMoveTube,PuriMoveTube
14360,PuriMoveTube,PuriMoveTube,PuriMoveTube,PuriMoveTube
14370,PuriMoveTube,PuriMoveTube,PuriMoveTube,PuriMoveTube
14380,PuriTime,PuriTime,PuriTime,PuriTime
14390,PuriTime,PuriTime,PuriTime,PuriTime
14400,PuriTime,PuriTime,PuriTime,PuriTime
14410,PuriPipette,PuriPipette,PuriPipette,PuriPipette
14420,PuriPipette,PuriPipette,PuriPipette,PuriPipette
14430,PuriPipette,PuriPipette,PuriPipette,PuriPipette
14440,PuriPipette,PuriPipette,PuriPipette,PuriPipette
14450,PuriPipette,PuriPipette,PuriPipette,PuriPipette
14460,PuriMoveTube,PuriMoveTube,PuriMoveTube,PuriMoveTube
14470,PuriMoveTube,PuriMoveTube,PuriMoveTube,PuriMoveTube
14480,PuriMoveTube,PuriMoveTube,PuriMoveTube,PuriMoveTube
14490,PuriPipette,PuriPipette, , 
14500,PuriPipette,PuriPipette, , 
14510,PuriPipette,PuriPipette, , 
14520,PuriPipette,PuriPipette, , 
14530,PuriPipette,PuriPipette, , 
14540, , ,PuriPipette,PuriPipette
14550, , ,PuriPipette,PuriPipette
14560, , ,PuriPipette,PuriPipette
14570, , ,PuriPipette,PuriPipette
14580, , ,PuriPipette,PuriPipette
14590,PuriMoveTube,PuriMoveTube,PuriMoveTube,PuriMoveTube
14600,PuriMoveTube,PuriMoveTube,PuriMoveTube,PuriMoveTube
14610,PuriMoveTube,PuriMoveTube,PuriMoveTube,PuriMoveTube
14620,PuriTime,PuriTime,PuriTime,PuriTime
14630,PuriTime,PuriTime,PuriTime,PuriTime
14640,PuriTime,PuriTime,PuriTime,PuriTime
14650,PuriPipette,PuriPipette,PuriPipette,PuriPipette
14660,PuriPipette,PuriPipette,PuriPipette,PuriPipette
14670,PuriPipette,PuriPipette,PuriPipette,PuriPipette
14680,PuriPipette,PuriPipette,PuriPipette,PuriPipette
14690,PuriPipette,PuriPipette,PuriPipette,PuriPipette
14700,PuriMoveTube,PuriMoveTube,PuriMoveTube,PuriMoveTube
14710,PuriMoveTube,PuriMoveTube,PuriMoveTube,PuriMoveTube
14720,PuriMoveTube,PuriMoveTube,PuriMoveTube,PuriMoveTube
14730,PuriPipette,PuriPipette, , 
14740,PuriPipette,PuriPipette, , 
14750,PuriPipette,PuriPipette, , 
14760,PuriPipette,PuriPipette, , 
14770,PuriPipette,PuriPipette, , 
14780, , ,PuriPipette,PuriPipette
14790, , ,PuriPipette,PuriPipette
14800, , ,PuriPipette,PuriPipette
14810, , ,PuriPipette,PuriPipette
14820, , ,PuriPipette,PuriPipette
14830,PuriMoveTube,PuriMoveTube,PuriMoveTube,PuriMoveTube
14840,PuriMoveTube,PuriMoveTube,PuriMoveTube,PuriMoveTube
14850,PuriMoveTube,PuriMoveTube,PuriMoveTube,PuriMoveTube
14860,PuriTime,PuriTime,PuriTime,PuriTime
14870,PuriTime,PuriTime,PuriTime,PuriTime
14880,PuriTime,PuriTime,PuriTime,PuriTime
14890,PuriPipette,PuriPipette,PuriPipette,PuriPipette
14900,PuriPipette,PuriPipette,PuriPipette,PuriPipette
14910,PuriPipette,PuriPipette,PuriPipette,PuriPipette
14920,PuriPipette,PuriPipette,PuriPipette,PuriPipette
14930,PuriPipette,PuriPipette,PuriPipette,PuriPipette
14940,PuriMoveTube,PuriMoveTube,PuriMoveTube,PuriMoveTube
14950,PuriMoveTube,PuriMoveTube,PuriMoveTube,PuriMoveTube
14960,PuriMoveTube,PuriMoveTube,PuriMoveTube,PuriMoveTube
14970,PuriPipette,PuriPipette, , 
14980,PuriPipette,PuriPipette, , 
14990,PuriPipette,PuriPipette, , 
15000,PuriPipette,PuriPipette, , 
15010,PuriPipette,PuriPipette, , 
15020, , ,PuriPipette,PuriPipette
15030, , ,PuriPipette,PuriPipette
15040, , ,PuriPipette,PuriPipette
15050, , ,PuriPipette,PuriPipette
15060, , ,PuriPipette,PuriPipette
15070,PuriMoveTube,PuriMoveTube,PuriMoveTube,PuriMoveTube
15080,PuriMoveTube,PuriMoveTube,PuriMoveTube,PuriMoveTube
15090,PuriMoveTube,PuriMoveTube,PuriMoveTube,PuriMoveTube
15100,PuriTime,PuriTime,PuriTime,PuriTime
15110,PuriTime,PuriTime,PuriTime,PuriTime
15120,PuriTime,PuriTime,PuriTime,PuriTime
15130,PuriPipette,PuriPipette,PuriPipette,PuriPipette
15140,PuriPipette,PuriPipette,PuriPipette,PuriPipette
15150,PuriPipette,PuriPipette,PuriPipette,PuriPipette
15160,PuriPipette,PuriPipette,PuriPipette,PuriPipette
15170,PuriPipette,PuriPipette,PuriPipette,PuriPipette
15180,PuriMoveTube,PuriMoveTube,PuriMoveTube,PuriMoveTube
15190,PuriMoveTube,PuriMoveTube,PuriMoveTube,PuriMoveTube
15200,PuriMoveTube,PuriMoveTube,PuriMoveTube,PuriMoveTube
15210,PuriPipette,PuriPipette,PuriPipette,PuriPipette
15220,PuriPipette,PuriPipette,PuriPipette,PuriPipette
15230,PuriPipette,PuriPipette,PuriPipette,PuriPipette
15240,PuriPipette,PuriPipette,PuriPipette,PuriPipette
15250,PuriPipette,PuriPipette,PuriPipette,PuriPipette
15260,PuriPipette,PuriPipette,PuriPipette,PuriPipette
15270,PuriPipette,PuriPipette,PuriPipette,PuriPipette
15280,PuriPipette,PuriPipette,PuriPipette,PuriPipette
15290,PuriPipette,PuriPipette,PuriPipette,PuriPipette
15300,PuriPipette,PuriPipette,PuriPipette,PuriPipette
15310,PuriPipette,PuriPipette,PuriPipette,PuriPipette
15320,PuriPipette,PuriPipette,PuriPipette,PuriPipette
15330,PuriPipette,PuriPipette,PuriPipette,PuriPipette
15340,PuriPipette,PuriPipette,PuriPipette,PuriPipette
15350,PuriPipette,PuriPipette,PuriPipette,PuriPipette
15360,PuriPipette,PuriPipette,PuriPipette,PuriPipette
15370,PuriPipette,PuriPipette,PuriPipette,PuriPipette
15380,PuriPipette,PuriPipette,PuriPipette,PuriPipette
15390,PuriPipette,PuriPipette,PuriPipette,PuriPipette
15400,PuriPipette,PuriPipette,PuriPipette,PuriPipette
15410,PuriPipette,PuriPipette,PuriPipette,PuriPipette
15420,PuriPipette,PuriPipette,PuriPipette,PuriPipette
15430,PuriPipette,PuriPipette,PuriPipette,PuriPipette
15440,PuriPipette,PuriPipette,PuriPipette,PuriPipette
15450,PuriPipette,PuriPipette,PuriPipette,PuriPipette
15460,PuriMoveTube,PuriMoveTube,PuriMoveTube,PuriMoveTube
15470,PuriMoveTube,PuriMoveTube,PuriMoveTube,PuriMoveTube
15480,PuriMoveTube,PuriMoveTube,PuriMoveTube,PuriMoveTube
15490,PuriShake,PuriShake,PuriShake,PuriShake
15500,PuriShake,PuriShake,PuriShake,PuriShake
15510,PuriShake,PuriShake,PuriShake,PuriShake
15520,PuriShake,PuriShake,PuriShake,PuriShake
15530,PuriShake,PuriShake,PuriShake,PuriShake
15540,PuriShake,PuriShake,PuriShake,PuriShake
15550,PuriShake,PuriShake,PuriShake,PuriShake
15560,PuriShake,PuriShake,PuriShake,PuriShake
15570,PuriShake,PuriShake,PuriShake,PuriShake
15580,PuriShake,PuriShake,PuriShake,PuriShake
15590,PuriShake,PuriShake,PuriShake,PuriShake
15600,PuriShake,PuriShake,PuriShake,PuriShake
15610,PuriShake,PuriShake,PuriShake,PuriShake
15620,PuriShake,PuriShake,PuriShake,PuriShake
15630,PuriShake,PuriShake,PuriShake,PuriShake
15640,PuriShake,PuriShake,PuriShake,PuriShake
15650,PuriShake,PuriShake,PuriShake,PuriShake
15660,PuriShake,PuriShake,PuriShake,PuriShake
15670,PuriShake,PuriShake,PuriShake,PuriShake
15680,PuriShake,PuriShake,PuriShake,PuriShake
15690,PuriShake,PuriShake,PuriShake,PuriShake
15700,PuriShake,PuriShake,PuriShake,PuriShake
15710,PuriShake,PuriShake,PuriShake,PuriShake
15720,PuriShake,PuriShake,PuriShake,PuriShake
15730,PuriShake,PuriShake,PuriShake,PuriShake
15740,PuriShake,PuriShake,PuriShake,PuriShake
15750,PuriShake,PuriShake,PuriShake,PuriShake
15760,PuriShake,PuriShake,PuriShake,PuriShake
15770,PuriShake,PuriShake,PuriShake,PuriShake
15780,PuriShake,PuriShake,PuriShake,PuriShake
15790,PuriShake,PuriShake,PuriShake,PuriShake
15800,PuriShake,PuriShake,PuriShake,PuriShake
15810,PuriShake,PuriShake,PuriShake,PuriShake
15820,PuriShake,PuriShake,PuriShake,PuriShake
15830,PuriShake,PuriShake,PuriShake,PuriShake
15840,PuriShake,PuriShake,PuriShake,PuriShake
15850,PuriShake,PuriShake,PuriShake,PuriShake
15860,PuriShake,PuriShake,PuriShake,PuriShake
15870,PuriShake,PuriShake,PuriShake,PuriShake
15880,PuriShake,PuriShake,PuriShake,PuriShake
15890,PuriShake,PuriShake,PuriShake,PuriShake
15900,PuriShake,PuriShake,PuriShake,PuriShake
15910,PuriShake,PuriShake,PuriShake,PuriShake
15920,PuriShake,PuriShake,PuriShake,PuriShake
15930,PuriShake,PuriShake,PuriShake,PuriShake
15940,PuriShake,PuriShake,PuriShake,PuriShake
15950,PuriShake,PuriShake,PuriShake,PuriShake
15960,PuriShake,PuriShake,PuriShake,PuriShake
15970,PuriShake,PuriShake,PuriShake,PuriShake
15980,PuriShake,PuriShake,PuriShake,PuriShake
15990,PuriShake,PuriShake,PuriShake,PuriShake
16000,PuriShake,PuriShake,PuriShake,PuriShake
16010,PuriShake,PuriShake,PuriShake,PuriShake
16020,PuriShake,PuriShake,PuriShake,PuriShake
16030,PuriShake,PuriShake,PuriShake,PuriShake
16040,PuriShake,PuriShake,PuriShake,PuriShake
16050,PuriShake,PuriShake,PuriShake,PuriShake
16060,PuriShake,PuriShake,PuriShake,PuriShake
16070,PuriShake,PuriShake,PuriShake,PuriShake
16080,PuriShake,PuriShake,PuriShake,PuriShake
16090,PuriMoveTube,PuriMoveTube,PuriMoveTube,PuriMoveTube
16100,PuriMoveTube,PuriMoveTube,PuriMoveTube,PuriMoveTube
16110,PuriMoveTube,PuriMoveTube,PuriMoveTube,PuriMoveTube
16120,PuriMoveTube,PuriMoveTube,PuriMoveTube,PuriMoveTube
16130,PuriMoveTube,PuriMoveTube,PuriMoveTube,PuriMoveTube
16140,PuriMoveTube,PuriMoveTube,PuriMoveTube,PuriMoveTube
16150,PuriTime,PuriTime,PuriTime,PuriTime
16160,PuriTime,PuriTime,PuriTime,PuriTime
16170,PuriTime,PuriTime,PuriTime,PuriTime
16180,PuriPipette,PuriPipette,PuriPipette,PuriPipette
16190,PuriPipette,PuriPipette,PuriPipette,PuriPipette
16200,PuriPipette,PuriPipette,PuriPipette,PuriPipette
16210,PuriPipette,PuriPipette,PuriPipette,PuriPipette
16220,PuriPipette,PuriPipette,PuriPipette,PuriPipette
16230,PuriMoveTube,PuriMoveTube,PuriMoveTube,PuriMoveTube
16240,PuriMoveTube,PuriMoveTube,PuriMoveTube,PuriMoveTube
16250,PuriMoveTube,PuriMoveTube,PuriMoveTube,PuriMoveTube
16260,PuriPipette,PuriPipette, , 
16270,PuriPipette,PuriPipette, , 
16280,PuriPipette,PuriPipette, , 
16290,PuriPipette,PuriPipette, , 
16300,PuriPipette,PuriPipette, , 
16310, , ,PuriPipette,PuriPipette
16320, , ,PuriPipette,PuriPipette
16330, , ,PuriPipette,PuriPipette
16340, , ,PuriPipette,PuriPipette
16350, , ,PuriPipette,PuriPipette
16360,PuriMoveTube,PuriMoveTube,PuriMoveTube,PuriMoveTube
16370,PuriMoveTube,PuriMoveTube,PuriMoveTube,PuriMoveTube
16380,PuriMoveTube,PuriMoveTube,PuriMoveTube,PuriMoveTube
16390,PuriTime,PuriTime,PuriTime,PuriTime
16400,PuriTime,PuriTime,PuriTime,PuriTime
16410,PuriTime,PuriTime,PuriTime,PuriTime
16420,PuriPipette,PuriPipette,PuriPipette,PuriPipette
16430,PuriPipette,PuriPipette,PuriPipette,PuriPipette
16440,PuriPipette,PuriPipette,PuriPipette,PuriPipette
16450,PuriPipette,PuriPipette,PuriPipette,PuriPipette
16460,PuriPipette,PuriPipette,PuriPipette,PuriPipette
16470,PuriMoveTube,PuriMoveTube,PuriMoveTube,PuriMoveTube
16480,PuriMoveTube,PuriMoveTube,PuriMoveTube,PuriMoveTube
16490,PuriMoveTube,PuriMoveTube,PuriMoveTube,PuriMoveTube
16500,PuriPipette,PuriPipette, , 
16510,PuriPipette,PuriPipette, , 
16520,PuriPipette,PuriPipette, , 
16530,PuriPipette,PuriPipette, , 
16540,PuriPipette,PuriPipette, , 
16550, , ,PuriPipette,PuriPipette
16560, , ,PuriPipette,PuriPipette
16570, , ,PuriPipette,PuriPipette
16580, , ,PuriPipette,PuriPipette
16590, , ,PuriPipette,PuriPipette
16600,PuriMoveTube,PuriMoveTube,PuriMoveTube,PuriMoveTube
16610,PuriMoveTube,PuriMoveTube,PuriMoveTube,PuriMoveTube
16620,PuriMoveTube,PuriMoveTube,PuriMoveTube,PuriMoveTube
16630,PuriTime,PuriTime,PuriTime,PuriTime
16640,PuriTime,PuriTime,PuriTime,PuriTime
16650,PuriTime,PuriTime,PuriTime,PuriTime
16660,PuriPipette,PuriPipette,PuriPipette,PuriPipette
16670,PuriPipette,PuriPipette,PuriPipette,PuriPipette
16680,PuriPipette,PuriPipette,PuriPipette,PuriPipette
16690,PuriPipette,PuriPipette,PuriPipette,PuriPipette
16700,PuriPipette,PuriPipette,PuriPipette,PuriPipette
16710,PuriMoveTube,PuriMoveTube,PuriMoveTube,PuriMoveTube
16720,PuriMoveTube,PuriMoveTube,PuriMoveTube,PuriMoveTube
16730,PuriMoveTube,PuriMoveTube,PuriMoveTube,PuriMoveTube
16740,PuriPipette,PuriPipette, , 
16750,PuriPipette,PuriPipette, , 
16760,PuriPipette,PuriPipette, , 
16770,PuriPipette,PuriPipette, , 
16780,PuriPipette,PuriPipette, , 
16790, , ,PuriPipette,PuriPipette
16800, , ,PuriPipette,PuriPipette
16810, , ,PuriPipette,PuriPipette
16820, , ,PuriPipette,PuriPipette
16830, , ,PuriPipette,PuriPipette
16840,PuriMoveTube,PuriMoveTube,PuriMoveTube,PuriMoveTube
16850,PuriMoveTube,PuriMoveTube,PuriMoveTube,PuriMoveTube
16860,PuriMoveTube,PuriMoveTube,PuriMoveTube,PuriMoveTube
16870,PuriTime,PuriTime,PuriTime,PuriTime
16880,PuriTime,PuriTime,PuriTime,PuriTime
16890,PuriTime,PuriTime,PuriTime,PuriTime
16900,PuriPipette,PuriPipette,PuriPipette,PuriPipette
16910,PuriPipette,PuriPipette,PuriPipette,PuriPipette
16920,PuriPipette,PuriPipette,PuriPipette,PuriPipette
16930,PuriPipette,PuriPipette,PuriPipette,PuriPipette
16940,PuriPipette,PuriPipette,PuriPipette,PuriPipette
16950,PuriMoveTube,PuriMoveTube,PuriMoveTube,PuriMoveTube
16960,PuriMoveTube,PuriMoveTube,PuriMoveTube,PuriMoveTube
16970,PuriMoveTube,PuriMoveTube,PuriMoveTube,PuriMoveTube
16980,PuriPipette,PuriPipette,PuriPipette,PuriPipette
16990,PuriPipette,PuriPipette,PuriPipette,PuriPipette
17000,PuriPipette,PuriPipette,PuriPipette,PuriPipette
17010,PuriPipette,PuriPipette,PuriPipette,PuriPipette
17020,PuriPipette,PuriPipette,PuriPipette,PuriPipette
17030,PuriMoveTube,PuriMoveTube,PuriMoveTube,PuriMoveTube
17040,PuriMoveTube,PuriMoveTube,PuriMoveTube,PuriMoveTube
17050,PuriMoveTube,PuriMoveTube,PuriMoveTube,PuriMoveTube
17060,PuriShake,PuriShake,PuriShake,PuriShake
17070,PuriShake,PuriShake,PuriShake,PuriShake
17080,PuriShake,PuriShake,PuriShake,PuriShake
17090,PuriShake,PuriShake,PuriShake,PuriShake
17100,PuriShake,PuriShake,PuriShake,PuriShake
17110,PuriShake,PuriShake,PuriShake,PuriShake
17120,PuriShake,PuriShake,PuriShake,PuriShake
17130,PuriShake,PuriShake,PuriShake,PuriShake
17140,PuriShake,PuriShake,PuriShake,PuriShake
17150,PuriShake,PuriShake,PuriShake,PuriShake
17160,PuriShake,PuriShake,PuriShake,PuriShake
17170,PuriShake,PuriShake,PuriShake,PuriShake
17180,PuriShake,PuriShake,PuriShake,PuriShake
17190,PuriShake,PuriShake,PuriShake,PuriShake
17200,PuriShake,PuriShake,PuriShake,PuriShake
17210,PuriShake,PuriShake,PuriShake,PuriShake
17220,PuriShake,PuriShake,PuriShake,PuriShake
17230,PuriShake,PuriShake,PuriShake,PuriShake
17240,PuriShake,PuriShake,PuriShake,PuriShake
17250,PuriShake,PuriShake,PuriShake,PuriShake
17260,PuriShake,PuriShake,PuriShake,PuriShake
17270,PuriShake,PuriShake,PuriShake,PuriShake
17280,PuriShake,PuriShake,PuriShake,PuriShake
17290,PuriShake,PuriShake,PuriShake,PuriShake
17300,PuriShake,PuriShake,PuriShake,PuriShake
17310,PuriShake,PuriShake,PuriShake,PuriShake
17320,PuriShake,PuriShake,PuriShake,PuriShake
17330,PuriShake,PuriShake,PuriShake,PuriShake
17340,PuriShake,PuriShake,PuriShake,PuriShake
17350,PuriShake,PuriShake,PuriShake,PuriShake
17360,PuriMoveTube,PuriMoveTube,PuriMoveTube,PuriMoveTube
17370,PuriMoveTube,PuriMoveTube,PuriMoveTube,PuriMoveTube
17380,PuriMoveTube,PuriMoveTube,PuriMoveTube,PuriMoveTube
17390,PuriMoveTube,PuriMoveTube,PuriMoveTube,PuriMoveTube
17400,PuriMoveTube,PuriMoveTube,PuriMoveTube,PuriMoveTube
17410,PuriMoveTube,PuriMoveTube,PuriMoveTube,PuriMoveTube
17420,PuriTime,PuriTime,PuriTime,PuriTime
17430,PuriTime,PuriTime,PuriTime,PuriTime
17440,PuriTime,PuriTime,PuriTime,PuriTime
17450,PuriPipette,PuriPipette,PuriPipette,PuriPipette
17460,PuriPipette,PuriPipette,PuriPipette,PuriPipette
17470,PuriPipette,PuriPipette,PuriPipette,PuriPipette
17480,PuriPipette,PuriPipette,PuriPipette,PuriPipette
17490,PuriPipette,PuriPipette,PuriPipette,PuriPipette
17500,PuriMoveTube,PuriMoveTube,PuriMoveTube,PuriMoveTube
17510,PuriMoveTube,PuriMoveTube,PuriMoveTube,PuriMoveTube
17520,PuriMoveTube,PuriMoveTube,PuriMoveTube,PuriMoveTube
17530,PuriPipette,PuriPipette, , 
17540,PuriPipette,PuriPipette, , 
17550,PuriPipette,PuriPipette, , 
17560,PuriPipette,PuriPipette, , 
17570,PuriPipette,PuriPipette, , 
17580, , ,PuriPipette,PuriPipette
17590, , ,PuriPipette,PuriPipette
17600, , ,PuriPipette,PuriPipette
17610, , ,PuriPipette,PuriPipette
17620, , ,PuriPipette,PuriPipette
17630,PuriMoveTube,PuriMoveTube,PuriMoveTube,PuriMoveTube
17640,PuriMoveTube,PuriMoveTube,PuriMoveTube,PuriMoveTube
17650,PuriMoveTube,PuriMoveTube,PuriMoveTube,PuriMoveTube
17660,PuriTime,PuriTime,PuriTime,PuriTime
17670,PuriTime,PuriTime,PuriTime,PuriTime
17680,PuriTime,PuriTime,PuriTime,PuriTime
17690,PuriPipette,PuriPipette,PuriPipette,PuriPipette
17700,PuriPipette,PuriPipette,PuriPipette,PuriPipette
17710,PuriPipette,PuriPipette,PuriPipette,PuriPipette
17720,PuriPipette,PuriPipette,PuriPipette,PuriPipette
17730,PuriPipette,PuriPipette,PuriPipette,PuriPipette
17740,PuriMoveTube,PuriMoveTube,PuriMoveTube,PuriMoveTube
17750,PuriMoveTube,PuriMoveTube,PuriMoveTube,PuriMoveTube
17760,PuriMoveTube,PuriMoveTube,PuriMoveTube,PuriMoveTube
17770,PuriPipette,PuriPipette, , 
17780,PuriPipette,PuriPipette, , 
17790,PuriPipette,PuriPipette, , 
17800,PuriPipette,PuriPipette, , 
17810,PuriPipette,PuriPipette, , 
17820, , ,PuriPipette,PuriPipette
17830, , ,PuriPipette,PuriPipette
17840, , ,PuriPipette,PuriPipette
17850, , ,PuriPipette,PuriPipette
17860, , ,PuriPipette,PuriPipette
17870,PuriMoveTube,PuriMoveTube,PuriMoveTube,PuriMoveTube
17880,PuriMoveTube,PuriMoveTube,PuriMoveTube,PuriMoveTube
17890,PuriMoveTube,PuriMoveTube,PuriMoveTube,PuriMoveTube
17900,PuriTime,PuriTime,PuriTime,PuriTime
17910,PuriTime,PuriTime,PuriTime,PuriTime
17920,PuriTime,PuriTime,PuriTime,PuriTime
17930,PuriPipette,PuriPipette,PuriPipette,PuriPipette
17940,PuriPipette,PuriPipette,PuriPipette,PuriPipette
17950,PuriPipette,PuriPipette,PuriPipette,PuriPipette
17960,PuriPipette,PuriPipette,PuriPipette,PuriPipette
17970,PuriPipette,PuriPipette,PuriPipette,PuriPipette
17980,PuriMoveTube,PuriMoveTube,PuriMoveTube,PuriMoveTube
17990,PuriMoveTube,PuriMoveTube,PuriMoveTube,PuriMoveTube
18000,PuriMoveTube,PuriMoveTube,PuriMoveTube,PuriMoveTube
18010,PuriPipette,PuriPipette, , 
18020,PuriPipette,PuriPipette, , 
18030,PuriPipette,PuriPipette, , 
18040,PuriPipette,PuriPipette, , 
18050,PuriPipette,PuriPipette, , 
18060, , ,PuriPipette,PuriPipette
18070, , ,PuriPipette,PuriPipette
18080, , ,PuriPipette,PuriPipette
18090, , ,PuriPipette,PuriPipette
18100, , ,PuriPipette,PuriPipette
18110,PuriMoveTube,PuriMoveTube,PuriMoveTube,PuriMoveTube
18120,PuriMoveTube,PuriMoveTube,PuriMoveTube,PuriMoveTube
18130,PuriMoveTube,PuriMoveTube,PuriMoveTube,PuriMoveTube
18140,PuriTime,PuriTime,PuriTime,PuriTime
18150,PuriTime,PuriTime,PuriTime,PuriTime
18160,PuriTime,PuriTime,PuriTime,PuriTime
18170,PuriPipette,PuriPipette,PuriPipette,PuriPipette
18180,PuriPipette,PuriPipette,PuriPipette,PuriPipette
18190,PuriPipette,PuriPipette,PuriPipette,PuriPipette
18200,PuriPipette,PuriPipette,PuriPipette,PuriPipette
18210,PuriPipette,PuriPipette,PuriPipette,PuriPipette
18220,PuriMoveTube,PuriMoveTube,PuriMoveTube,PuriMoveTube
18230,PuriMoveTube,PuriMoveTube,PuriMoveTube,PuriMoveTube
18240,PuriMoveTube,PuriMoveTube,PuriMoveTube,PuriMoveTube
18250,PuriPipette,PuriPipette,PuriPipette,PuriPipette
18260,PuriPipette,PuriPipette,PuriPipette,PuriPipette
18270,PuriPipette,PuriPipette,PuriPipette,PuriPipette
18280,PuriPipette,PuriPipette,PuriPipette,PuriPipette
18290,PuriPipette,PuriPipette,PuriPipette,PuriPipette
18300,PuriPipette,PuriPipette,PuriPipette,PuriPipette
18310,PuriPipette,PuriPipette,PuriPipette,PuriPipette
18320,PuriPipette,PuriPipette,PuriPipette,PuriPipette
18330,PuriPipette,PuriPipette,PuriPipette,PuriPipette
18340,PuriPipette,PuriPipette,PuriPipette,PuriPipette
18350,PuriPipette,PuriPipette,PuriPipette,PuriPipette
18360,PuriPipette,PuriPipette,PuriPipette,PuriPipette
18370,PuriPipette,PuriPipette,PuriPipette,PuriPipette
18380,PuriPipette,PuriPipette,PuriPipette,PuriPipette
18390,PuriPipette,PuriPipette,PuriPipette,PuriPipette
18400,PuriPipette,PuriPipette,PuriPipette,PuriPipette
18410,PuriPipette,PuriPipette,PuriPipette,PuriPipette
18420,PuriPipette,PuriPipette,PuriPipette,PuriPipette
18430,PuriPipette,PuriPipette,PuriPipette,PuriPipette
18440,PuriPipette,PuriPipette,PuriPipette,PuriPipette
18450,PuriPipette,PuriPipette,PuriPipette,PuriPipette
18460,PuriPipette,PuriPipette,PuriPipette,PuriPipette
18470,PuriPipette,PuriPipette,PuriPipette,PuriPipette
18480,PuriPipette,PuriPipette,PuriPipette,PuriPipette
18490,PuriPipette,PuriPipette,PuriPipette,PuriPipette
18500,PuriMoveTube,PuriMoveTube,PuriMoveTube,PuriMoveTube
18510,PuriMoveTube,PuriMoveTube,PuriMoveTube,PuriMoveTube
18520,PuriMoveTube,PuriMoveTube,PuriMoveTube,PuriMoveTube
18530,PuriShake,PuriShake,PuriShake,PuriShake
18540,PuriShake,PuriShake,PuriShake,PuriShake
18550,PuriShake,PuriShake,PuriShake,PuriShake
18560,PuriShake,PuriShake,PuriShake,PuriShake
18570,PuriShake,PuriShake,PuriShake,PuriShake
18580,PuriShake,PuriShake,PuriShake,PuriShake
18590,PuriShake,PuriShake,PuriShake,PuriShake
18600,PuriShake,PuriShake,PuriShake,PuriShake
18610,PuriShake,PuriShake,PuriShake,PuriShake
18620,PuriShake,PuriShake,PuriShake,PuriShake
18630,PuriShake,PuriShake,PuriShake,PuriShake
18640,PuriShake,PuriShake,PuriShake,PuriShake
18650,PuriShake,PuriShake,PuriShake,PuriShake
18660,PuriShake,PuriShake,PuriShake,PuriShake
18670,PuriShake,PuriShake,PuriShake,PuriShake
18680,PuriShake,PuriShake,PuriShake,PuriShake
18690,PuriShake,PuriShake,PuriShake,PuriShake
18700,PuriShake,PuriShake,PuriShake,PuriShake
18710,PuriShake,PuriShake,PuriShake,PuriShake
18720,PuriShake,PuriShake,PuriShake,PuriShake
18730,PuriShake,PuriShake,PuriShake,PuriShake
18740,PuriShake,PuriShake,PuriShake,PuriShake
18750,PuriShake,PuriShake,PuriShake,PuriShake
18760,PuriShake,PuriShake,PuriShake,PuriShake
18770,PuriShake,PuriShake,PuriShake,PuriShake
18780,PuriShake,PuriShake,PuriShake,PuriShake
18790,PuriShake,PuriShake,PuriShake,PuriShake
18800,PuriShake,PuriShake,PuriShake,PuriShake
18810,PuriShake,PuriShake,PuriShake,PuriShake
18820,PuriShake,PuriShake,PuriShake,PuriShake
18830,PuriShake,PuriShake,PuriShake,PuriShake
18840,PuriShake,PuriShake,PuriShake,PuriShake
18850,PuriShake,PuriShake,PuriShake,PuriShake
18860,PuriShake,PuriShake,PuriShake,PuriShake
18870,PuriShake,PuriShake,PuriShake,PuriShake
18880,PuriShake,PuriShake,PuriShake,PuriShake
18890,PuriShake,PuriShake,PuriShake,PuriShake
18900,PuriShake,PuriShake,PuriShake,PuriShake
18910,PuriShake,PuriShake,PuriShake,PuriShake
18920,PuriShake,PuriShake,PuriShake,PuriShake
18930,PuriShake,PuriShake,PuriShake,PuriShake
18940,PuriShake,PuriShake,PuriShake,PuriShake
18950,PuriShake,PuriShake,PuriShake,PuriShake
18960,PuriShake,PuriShake,PuriShake,PuriShake
18970,PuriShake,PuriShake,PuriShake,PuriShake
18980,PuriShake,PuriShake,PuriShake,PuriShake
18990,PuriShake,PuriShake,PuriShake,PuriShake
19000,PuriShake,PuriShake,PuriShake,PuriShake
19010,PuriShake,PuriShake,PuriShake,PuriShake
19020,PuriShake,PuriShake,PuriShake,PuriShake
19030,PuriShake,PuriShake,PuriShake,PuriShake
19040,PuriShake,PuriShake,PuriShake,PuriShake
19050,PuriShake,PuriShake,PuriShake,PuriShake
19060,PuriShake,PuriShake,PuriShake,PuriShake
19070,PuriShake,PuriShake,PuriShake,PuriShake
19080,PuriShake,PuriShake,PuriShake,PuriShake
19090,PuriShake,PuriShake,PuriShake,PuriShake
19100,PuriShake,PuriShake,PuriShake,PuriShake
19110,PuriShake,PuriShake,PuriShake,PuriShake
19120,PuriShake,PuriShake,PuriShake,PuriShake
19130,PuriMoveTube,PuriMoveTube,PuriMoveTube,PuriMoveTube
19140,PuriMoveTube,PuriMoveTube,PuriMoveTube,PuriMoveTube
19150,PuriMoveTube,PuriMoveTube,PuriMoveTube,PuriMoveTube
19160,PuriMoveTube,PuriMoveTube,PuriMoveTube,PuriMoveTube
19170,PuriMoveTube,PuriMoveTube,PuriMoveTube,PuriMoveTube
19180,PuriMoveTube,PuriMoveTube,PuriMoveTube,PuriMoveTube
19190,PuriTime,PuriTime,PuriTime,PuriTime
19200,PuriTime,PuriTime,PuriTime,PuriTime
19210,PuriTime,PuriTime,PuriTime,PuriTime
19220,PuriPipette,PuriPipette,PuriPipette,PuriPipette
19230,PuriPipette,PuriPipette,PuriPipette,PuriPipette
19240,PuriPipette,PuriPipette,PuriPipette,PuriPipette
19250,PuriPipette,PuriPipette,PuriPipette,PuriPipette
19260,PuriPipette,PuriPipette,PuriPipette,PuriPipette
19270,PuriMoveTube,PuriMoveTube,PuriMoveTube,PuriMoveTube
19280,PuriMoveTube,PuriMoveTube,PuriMoveTube,PuriMoveTube
19290,PuriMoveTube,PuriMoveTube,PuriMoveTube,PuriMoveTube
19300,PuriPipette,PuriPipette, , 
19310,PuriPipette,PuriPipette, , 
19320,PuriPipette,PuriPipette, , 
19330,PuriPipette,PuriPipette, , 
19340,PuriPipette,PuriPipette, , 
19350, , ,PuriPipette,PuriPipette
19360, , ,PuriPipette,PuriPipette
19370, , ,PuriPipette,PuriPipette
19380, , ,PuriPipette,PuriPipette
19390, , ,PuriPipette,PuriPipette
19400,PuriMoveTube,PuriMoveTube,PuriMoveTube,PuriMoveTube
19410,PuriMoveTube,PuriMoveTube,PuriMoveTube,PuriMoveTube
19420,PuriMoveTube,PuriMoveTube,PuriMoveTube,PuriMoveTube
19430,PuriTime,PuriTime,PuriTime,PuriTime
19440,PuriTime,PuriTime,PuriTime,PuriTime
19450,PuriTime,PuriTime,PuriTime,PuriTime
19460,PuriPipette,PuriPipette,PuriPipette,PuriPipette
19470,PuriPipette,PuriPipette,PuriPipette,PuriPipette
19480,PuriPipette,PuriPipette,PuriPipette,PuriPipette
19490,PuriPipette,PuriPipette,PuriPipette,PuriPipette
19500,PuriPipette,PuriPipette,PuriPipette,PuriPipette
19510,PuriMoveTube,PuriMoveTube,PuriMoveTube,PuriMoveTube
19520,PuriMoveTube,PuriMoveTube,PuriMoveTube,PuriMoveTube
19530,PuriMoveTube,PuriMoveTube,PuriMoveTube,PuriMoveTube
19540,PuriPipette,PuriPipette, , 
19550,PuriPipette,PuriPipette, , 
19560,PuriPipette,PuriPipette, , 
19570,PuriPipette,PuriPipette, , 
19580,PuriPipette,PuriPipette, , 
19590, , ,PuriPipette,PuriPipette
19600, , ,PuriPipette,PuriPipette
19610, , ,PuriPipette,PuriPipette
19620, , ,PuriPipette,PuriPipette
19630, , ,PuriPipette,PuriPipette
19640,PuriMoveTube,PuriMoveTube,PuriMoveTube,PuriMoveTube
19650,PuriMoveTube,PuriMoveTube,PuriMoveTube,PuriMoveTube
19660,PuriMoveTube,PuriMoveTube,PuriMoveTube,PuriMoveTube
19670,PuriTime,PuriTime,PuriTime,PuriTime
19680,PuriTime,PuriTime,PuriTime,PuriTime
19690,PuriTime,PuriTime,PuriTime,PuriTime
19700,PuriPipette,PuriPipette,PuriPipette,PuriPipette
19710,PuriPipette,PuriPipette,PuriPipette,PuriPipette
19720,PuriPipette,PuriPipette,PuriPipette,PuriPipette
19730,PuriPipette,PuriPipette,PuriPipette,PuriPipette
19740,PuriPipette,PuriPipette,PuriPipette,PuriPipette
19750,PuriMoveTube,PuriMoveTube,PuriMoveTube,PuriMoveTube
19760,PuriMoveTube,PuriMoveTube,PuriMoveTube,PuriMoveTube
19770,PuriMoveTube,PuriMoveTube,PuriMoveTube,PuriMoveTube
19780,PuriPipette,PuriPipette, , 
19790,PuriPipette,PuriPipette, , 
19800,PuriPipette,PuriPipette, , 
19810,PuriPipette,PuriPipette, , 
19820,PuriPipette,PuriPipette, , 
19830, , ,PuriPipette,PuriPipette
19840, , ,PuriPipette,PuriPipette
19850, , ,PuriPipette,PuriPipette
19860, , ,PuriPipette,PuriPipette
19870, , ,PuriPipette,PuriPipette
19880,PuriMoveTube,PuriMoveTube,PuriMoveTube,PuriMoveTube
19890,PuriMoveTube,PuriMoveTube,PuriMoveTube,PuriMoveTube
19900,PuriMoveTube,PuriMoveTube,PuriMoveTube,PuriMoveTube
19910,PuriTime,PuriTime,PuriTime,PuriTime
19920,PuriTime,PuriTime,PuriTime,PuriTime
19930,PuriTime,PuriTime,PuriTime,PuriTime
19940,PuriPipette,PuriPipette,PuriPipette,PuriPipette
19950,PuriPipette,PuriPipette,PuriPipette,PuriPipette
19960,PuriPipette,PuriPipette,PuriPipette,PuriPipette
19970,PuriPipette,PuriPipette,PuriPipette,PuriPipette
19980,PuriPipette,PuriPipette,PuriPipette,PuriPipette
19990,PuriMoveTube,PuriMoveTube,PuriMoveTube,PuriMoveTube
20000,PuriMoveTube,PuriMoveTube,PuriMoveTube,PuriMoveTube
20010,PuriMoveTube,PuriMoveTube,PuriMoveTube,PuriMoveTube
20020,PuriPipette,PuriPipette,PuriPipette,PuriPipette
20030,PuriPipette,PuriPipette,PuriPipette,PuriPipette
20040,PuriPipette,PuriPipette,PuriPipette,PuriPipette
20050,PuriPipette,PuriPipette,PuriPipette,PuriPipette
20060,PuriPipette,PuriPipette,PuriPipette,PuriPipette
20070,PuriMoveTube,PuriMoveTube,PuriMoveTube,PuriMoveTube
20080,PuriMoveTube,PuriMoveTube,PuriMoveTube,PuriMoveTube
20090,PuriMoveTube,PuriMoveTube,PuriMoveTube,PuriMoveTube
20100,PuriShake,PuriShake,PuriShake,PuriShake
20110,PuriShake,PuriShake,PuriShake,PuriShake
20120,PuriShake,PuriShake,PuriShake,PuriShake
20130,PuriShake,PuriShake,PuriShake,PuriShake
20140,PuriShake,PuriShake,PuriShake,PuriShake
20150,PuriShake,PuriShake,PuriShake,PuriShake
20160,PuriShake,PuriShake,PuriShake,PuriShake
20170,PuriShake,PuriShake,PuriShake,PuriShake
20180,PuriShake,PuriShake,PuriShake,PuriShake
20190,PuriShake,PuriShake,PuriShake,PuriShake
20200,PuriShake,PuriShake,PuriShake,PuriShake
20210,PuriShake,PuriShake,PuriShake,PuriShake
20220,PuriShake,PuriShake,PuriShake,PuriShake
20230,PuriShake,PuriShake,PuriShake,PuriShake
20240,PuriShake,PuriShake,PuriShake,PuriShake
20250,PuriShake,PuriShake,PuriShake,PuriShake
20260,PuriShake,PuriShake,PuriShake,PuriShake
20270,PuriShake,PuriShake,PuriShake,PuriShake
20280,PuriShake,PuriShake,PuriShake,PuriShake
20290,PuriShake,PuriShake,PuriShake,PuriShake
20300,PuriShake,PuriShake,PuriShake,PuriShake
20310,PuriShake,PuriShake,PuriShake,PuriShake
20320,PuriShake,PuriShake,PuriShake,PuriShake
20330,PuriShake,PuriShake,PuriShake,PuriShake
20340,PuriShake,PuriShake,PuriShake,PuriShake
20350,PuriShake,PuriShake,PuriShake,PuriShake
20360,PuriShake,PuriShake,PuriShake,PuriShake
20370,PuriShake,PuriShake,PuriShake,PuriShake
20380,PuriShake,PuriShake,PuriShake,PuriShake
20390,PuriShake,PuriShake,PuriShake,PuriShake
20400,PuriMoveTube,PuriMoveTube,PuriMoveTube,PuriMoveTube
20410,PuriMoveTube,PuriMoveTube,PuriMoveTube,PuriMoveTube
20420,PuriMoveTube,PuriMoveTube,PuriMoveTube,PuriMoveTube
20430,PuriMoveTube,PuriMoveTube,PuriMoveTube,PuriMoveTube
20440,PuriMoveTube,PuriMoveTube,PuriMoveTube,PuriMoveTube
20450,PuriMoveTube,PuriMoveTube,PuriMoveTube,PuriMoveTube
20460,PuriTime,PuriTime,PuriTime,PuriTime
20470,PuriTime,PuriTime,PuriTime,PuriTime
20480,PuriTime,PuriTime,PuriTime,PuriTime
20490,PuriPipette,PuriPipette,PuriPipette,PuriPipette
20500,PuriPipette,PuriPipette,PuriPipette,PuriPipette
20510,PuriPipette,PuriPipette,PuriPipette,PuriPipette
20520,PuriPipette,PuriPipette,PuriPipette,PuriPipette
20530,PuriPipette,PuriPipette,PuriPipette,PuriPipette
20540,PuriMoveTube,PuriMoveTube,PuriMoveTube,PuriMoveTube
20550,PuriMoveTube,PuriMoveTube,PuriMoveTube,PuriMoveTube
20560,PuriMoveTube,PuriMoveTube,PuriMoveTube,PuriMoveTube
20570,PuriPipette,PuriPipette, , 
20580,PuriPipette,PuriPipette, , 
20590,PuriPipette,PuriPipette, , 
20600,PuriPipette,PuriPipette, , 
20610,PuriPipette,PuriPipette, , 
20620, , ,PuriPipette,PuriPipette
20630, , ,PuriPipette,PuriPipette
20640, , ,PuriPipette,PuriPipette
20650, , ,PuriPipette,PuriPipette
20660, , ,PuriPipette,PuriPipette
20670,PuriMoveTube,PuriMoveTube,PuriMoveTube,PuriMoveTube
20680,PuriMoveTube,PuriMoveTube,PuriMoveTube,PuriMoveTube
20690,PuriMoveTube,PuriMoveTube,PuriMoveTube,PuriMoveTube
20700,PuriTime,PuriTime,PuriTime,PuriTime
20710,PuriTime,PuriTime,PuriTime,PuriTime
20720,PuriTime,PuriTime,PuriTime,PuriTime
20730,PuriPipette,PuriPipette,PuriPipette,PuriPipette
20740,PuriPipette,PuriPipette,PuriPipette,PuriPipette
20750,PuriPipette,PuriPipette,PuriPipette,PuriPipette
20760,PuriPipette,PuriPipette,PuriPipette,PuriPipette
20770,PuriPipette,PuriPipette,PuriPipette,PuriPipette
20780,PuriMoveTube,PuriMoveTube,PuriMoveTube,PuriMoveTube
20790,PuriMoveTube,PuriMoveTube,PuriMoveTube,PuriMoveTube
20800,PuriMoveTube,PuriMoveTube,PuriMoveTube,PuriMoveTube
20810,PuriPipette,PuriPipette, , 
20820,PuriPipette,PuriPipette, , 
20830,PuriPipette,PuriPipette, , 
20840,PuriPipette,PuriPipette, , 
20850,PuriPipette,PuriPipette, , 
20860, , ,PuriPipette,PuriPipette
20870, , ,PuriPipette,PuriPipette
20880, , ,PuriPipette,PuriPipette
20890, , ,PuriPipette,PuriPipette
20900, , ,PuriPipette,PuriPipette
20910,PuriMoveTube,PuriMoveTube,PuriMoveTube,PuriMoveTube
20920,PuriMoveTube,PuriMoveTube,PuriMoveTube,PuriMoveTube
20930,PuriMoveTube,PuriMoveTube,PuriMoveTube,PuriMoveTube
20940,PuriTime,PuriTime,PuriTime,PuriTime
20950,PuriTime,PuriTime,PuriTime,PuriTime
20960,PuriTime,PuriTime,PuriTime,PuriTime
20970,PuriPipette,PuriPipette,PuriPipette,PuriPipette
20980,PuriPipette,PuriPipette,PuriPipette,PuriPipette
20990,PuriPipette,PuriPipette,PuriPipette,PuriPipette
21000,PuriPipette,PuriPipette,PuriPipette,PuriPipette
21010,PuriPipette,PuriPipette,PuriPipette,PuriPipette
21020,PuriMoveTube,PuriMoveTube,PuriMoveTube,PuriMoveTube
21030,PuriMoveTube,PuriMoveTube,PuriMoveTube,PuriMoveTube
21040,PuriMoveTube,PuriMoveTube,PuriMoveTube,PuriMoveTube
21050,PuriPipette,PuriPipette, , 
21060,PuriPipette,PuriPipette, , 
21070,PuriPipette,PuriPipette, , 
21080,PuriPipette,PuriPipette, , 
21090,PuriPipette,PuriPipette, , 
21100, , ,PuriPipette,PuriPipette
21110, , ,PuriPipette,PuriPipette
21120, , ,PuriPipette,PuriPipette
21130, , ,PuriPipette,PuriPipette
21140, , ,PuriPipette,PuriPipette
21150,PuriMoveTube,PuriMoveTube,PuriMoveTube,PuriMoveTube
21160,PuriMoveTube,PuriMoveTube,PuriMoveTube,PuriMoveTube
21170,PuriMoveTube,PuriMoveTube,PuriMoveTube,PuriMoveTube
21180,PuriTime,PuriTime,PuriTime,PuriTime
21190,PuriTime,PuriTime,PuriTime,PuriTime
21200,PuriTime,PuriTime,PuriTime,PuriTime
21210,PuriPipette,PuriPipette,PuriPipette,PuriPipette
21220,PuriPipette,PuriPipette,PuriPipette,PuriPipette
21230,PuriPipette,PuriPipette,PuriPipette,PuriPipette
21240,PuriPipette,PuriPipette,PuriPipette,PuriPipette
21250,PuriPipette,PuriPipette,PuriPipette,PuriPipette
21260,PuriMoveTube,PuriMoveTube,PuriMoveTube,PuriMoveTube
21270,PuriMoveTube,PuriMoveTube,PuriMoveTube,PuriMoveTube
21280,PuriMoveTube,PuriMoveTube,PuriMoveTube,PuriMoveTube
21290,PuriPipette,PuriPipette,PuriPipette,PuriPipette
21300,PuriPipette,PuriPipette,PuriPipette,PuriPipette
21310,PuriPipette,PuriPipette,PuriPipette,PuriPipette
21320,PuriPipette,PuriPipette,PuriPipette,PuriPipette
21330,PuriPipette,PuriPipette,PuriPipette,PuriPipette
21340,PuriPipette,PuriPipette,PuriPipette,PuriPipette
21350,PuriPipette,PuriPipette,PuriPipette,PuriPipette
21360,PuriPipette,PuriPipette,PuriPipette,PuriPipette
21370,PuriPipette,PuriPipette,PuriPipette,PuriPipette
21380,PuriPipette,PuriPipette,PuriPipette,PuriPipette
21390,PuriPipette,PuriPipette,PuriPipette,PuriPipette
21400,PuriPipette,PuriPipette,PuriPipette,PuriPipette
21410,PuriPipette,PuriPipette,PuriPipette,PuriPipette
21420,PuriPipette,PuriPipette,PuriPipette,PuriPipette
21430,PuriPipette,PuriPipette,PuriPipette,PuriPipette
21440,PuriPipette,PuriPipette,PuriPipette,PuriPipette
21450,PuriPipette,PuriPipette,PuriPipette,PuriPipette
21460,PuriPipette,PuriPipette,PuriPipette,PuriPipette
21470,PuriPipette,PuriPipette,PuriPipette,PuriPipette
21480,PuriPipette,PuriPipette,PuriPipette,PuriPipette
21490,PuriPipette,PuriPipette,PuriPipette,PuriPipette
21500,PuriPipette,PuriPipette,PuriPipette,PuriPipette
21510,PuriPipette,PuriPipette,PuriPipette,PuriPipette
21520,PuriPipette,PuriPipette,PuriPipette,PuriPipette
21530,PuriPipette,PuriPipette,PuriPipette,PuriPipette
21540,PuriMoveTube,PuriMoveTube,PuriMoveTube,PuriMoveTube
21550,PuriMoveTube,PuriMoveTube,PuriMoveTube,PuriMoveTube
21560,PuriMoveTube,PuriMoveTube,PuriMoveTube,PuriMoveTube
21570,PuriShake,PuriShake,PuriShake,PuriShake
21580,PuriShake,PuriShake,PuriShake,PuriShake
21590,PuriShake,PuriShake,PuriShake,PuriShake
21600,PuriShake,PuriShake,PuriShake,PuriShake
21610,PuriShake,PuriShake,PuriShake,PuriShake
21620,PuriShake,PuriShake,PuriShake,PuriShake
21630,PuriShake,PuriShake,PuriShake,PuriShake
21640,PuriShake,PuriShake,PuriShake,PuriShake
21650,PuriShake,PuriShake,PuriShake,PuriShake
21660,PuriShake,PuriShake,PuriShake,PuriShake
21670,PuriShake,PuriShake,PuriShake,PuriShake
21680,PuriShake,PuriShake,PuriShake,PuriShake
21690,PuriShake,PuriShake,PuriShake,PuriShake
21700,PuriShake,PuriShake,PuriShake,PuriShake
21710,PuriShake,PuriShake,PuriShake,PuriShake
21720,PuriShake,PuriShake,PuriShake,PuriShake
21730,PuriShake,PuriShake,PuriShake,PuriShake
21740,PuriShake,PuriShake,PuriShake,PuriShake
21750,PuriShake,PuriShake,PuriShake,PuriShake
21760,PuriShake,PuriShake,PuriShake,PuriShake
21770,PuriShake,PuriShake,PuriShake,PuriShake
21780,PuriShake,PuriShake,PuriShake,PuriShake
21790,PuriShake,PuriShake,PuriShake,PuriShake
21800,PuriShake,PuriShake,PuriShake,PuriShake
21810,PuriShake,PuriShake,PuriShake,PuriShake
21820,PuriShake,PuriShake,PuriShake,PuriShake
21830,PuriShake,PuriShake,PuriShake,PuriShake
21840,PuriShake,PuriShake,PuriShake,PuriShake
21850,PuriShake,PuriShake,PuriShake,PuriShake
21860,PuriShake,PuriShake,PuriShake,PuriShake
21870,PuriShake,PuriShake,PuriShake,PuriShake
21880,PuriShake,PuriShake,PuriShake,PuriShake
21890,PuriShake,PuriShake,PuriShake,PuriShake
21900,PuriShake,PuriShake,PuriShake,PuriShake
21910,PuriShake,PuriShake,PuriShake,PuriShake
21920,PuriShake,PuriShake,PuriShake,PuriShake
21930,PuriShake,PuriShake,PuriShake,PuriShake
21940,PuriShake,PuriShake,PuriShake,PuriShake
21950,PuriShake,PuriShake,PuriShake,PuriShake
21960,PuriShake,PuriShake,PuriShake,PuriShake
21970,PuriShake,PuriShake,PuriShake,PuriShake
21980,PuriShake,PuriShake,PuriShake,PuriShake
21990,PuriShake,PuriShake,PuriShake,PuriShake
22000,PuriShake,PuriShake,PuriShake,PuriShake
22010,PuriShake,PuriShake,PuriShake,PuriShake
22020,PuriShake,PuriShake,PuriShake,PuriShake
22030,PuriShake,PuriShake,PuriShake,PuriShake
22040,PuriShake,PuriShake,PuriShake,PuriShake
22050,PuriShake,PuriShake,PuriShake,PuriShake
22060,PuriShake,PuriShake,PuriShake,PuriShake
22070,PuriShake,PuriShake,PuriShake,PuriShake
22080,PuriShake,PuriShake,PuriShake,PuriShake
22090,PuriShake,PuriShake,PuriShake,PuriShake
22100,PuriShake,PuriShake,PuriShake,PuriShake
22110,PuriShake,PuriShake,PuriShake,PuriShake
22120,PuriShake,PuriShake,PuriShake,PuriShake
22130,PuriShake,PuriShake,PuriShake,PuriShake
22140,PuriShake,PuriShake,PuriShake,PuriShake
22150,PuriShake,PuriShake,PuriShake,PuriShake
22160,PuriShake,PuriShake,PuriShake,PuriShake
22170,PuriMoveTube,PuriMoveTube,PuriMoveTube,PuriMoveTube
22180,PuriMoveTube,PuriMoveTube,PuriMoveTube,PuriMoveTube
22190,PuriMoveTube,PuriMoveTube,PuriMoveTube,PuriMoveTube
22200,PuriMoveTube,PuriMoveTube,PuriMoveTube,PuriMoveTube
22210,PuriMoveTube,PuriMoveTube,PuriMoveTube,PuriMoveTube
22220,PuriMoveTube,PuriMoveTube,PuriMoveTube,PuriMoveTube
22230,PuriTime,PuriTime,PuriTime,PuriTime
22240,PuriTime,PuriTime,PuriTime,PuriTime
22250,PuriTime,PuriTime,PuriTime,PuriTime
22260,PuriPipette,PuriPipette,PuriPipette,PuriPipette
22270,PuriPipette,PuriPipette,PuriPipette,PuriPipette
22280,PuriPipette,PuriPipette,PuriPipette,PuriPipette
22290,PuriPipette,PuriPipette,PuriPipette,PuriPipette
22300,PuriPipette,PuriPipette,PuriPipette,PuriPipette
22310,PuriMoveTube,PuriMoveTube,PuriMoveTube,PuriMoveTube
22320,PuriMoveTube,PuriMoveTube,PuriMoveTube,PuriMoveTube
22330,PuriMoveTube,PuriMoveTube,PuriMoveTube,PuriMoveTube
22340,PuriPipette,PuriPipette, , 
22350,PuriPipette,PuriPipette, , 
22360,PuriPipette,PuriPipette, , 
22370,PuriPipette,PuriPipette, , 
22380,PuriPipette,PuriPipette, , 
22390, , ,PuriPipette,PuriPipette
22400, , ,PuriPipette,PuriPipette
22410, , ,PuriPipette,PuriPipette
22420, , ,PuriPipette,PuriPipette
22430, , ,PuriPipette,PuriPipette
22440,PuriMoveTube,PuriMoveTube,PuriMoveTube,PuriMoveTube
22450,PuriMoveTube,PuriMoveTube,PuriMoveTube,PuriMoveTube
22460,PuriMoveTube,PuriMoveTube,PuriMoveTube,PuriMoveTube
22470,PuriTime,PuriTime,PuriTime,PuriTime
22480,PuriTime,PuriTime,PuriTime,PuriTime
22490,PuriTime,PuriTime,PuriTime,PuriTime
22500,PuriPipette,PuriPipette,PuriPipette,PuriPipette
22510,PuriPipette,PuriPipette,PuriPipette,PuriPipette
22520,PuriPipette,PuriPipette,PuriPipette,PuriPipette
22530,PuriPipette,PuriPipette,PuriPipette,PuriPipette
22540,PuriPipette,PuriPipette,PuriPipette,PuriPipette
22550,PuriMoveTube,PuriMoveTube,PuriMoveTube,PuriMoveTube
22560,PuriMoveTube,PuriMoveTube,PuriMoveTube,PuriMoveTube
22570,PuriMoveTube,PuriMoveTube,PuriMoveTube,PuriMoveTube
22580,PuriPipette,PuriPipette, , 
22590,PuriPipette,PuriPipette, , 
22600,PuriPipette,PuriPipette, , 
22610,PuriPipette,PuriPipette, , 
22620,PuriPipette,PuriPipette, , 
22630, , ,PuriPipette,PuriPipette
22640, , ,PuriPipette,PuriPipette
22650, , ,PuriPipette,PuriPipette
22660, , ,PuriPipette,PuriPipette
22670, , ,PuriPipette,PuriPipette
22680,PuriMoveTube,PuriMoveTube,PuriMoveTube,PuriMoveTube
22690,PuriMoveTube,PuriMoveTube,PuriMoveTube,PuriMoveTube
22700,PuriMoveTube,PuriMoveTube,PuriMoveTube,PuriMoveTube
22710,PuriTime,PuriTime,PuriTime,PuriTime
22720,PuriTime,PuriTime,PuriTime,PuriTime
22730,PuriTime,PuriTime,PuriTime,PuriTime
22740,PuriPipette,PuriPipette,PuriPipette,PuriPipette
22750,PuriPipette,PuriPipette,PuriPipette,PuriPipette
22760,PuriPipette,PuriPipette,PuriPipette,PuriPipette
22770,PuriPipette,PuriPipette,PuriPipette,PuriPipette
22780,PuriPipette,PuriPipette,PuriPipette,PuriPipette
22790,PuriMoveTube,PuriMoveTube,PuriMoveTube,PuriMoveTube
22800,PuriMoveTube,PuriMoveTube,PuriMoveTube,PuriMoveTube
22810,PuriMoveTube,PuriMoveTube,PuriMoveTube,PuriMoveTube
22820,PuriPipette,PuriPipette, , 
22830,PuriPipette,PuriPipette, , 
22840,PuriPipette,PuriPipette, , 
22850,PuriPipette,PuriPipette, , 
22860,PuriPipette,PuriPipette, , 
22870, , ,PuriPipette,PuriPipette
22880, , ,PuriPipette,PuriPipette
22890, , ,PuriPipette,PuriPipette
22900, , ,PuriPipette,PuriPipette
22910, , ,PuriPipette,PuriPipette
22920,PuriMoveTube,PuriMoveTube,PuriMoveTube,PuriMoveTube
22930,PuriMoveTube,PuriMoveTube,PuriMoveTube,PuriMoveTube
22940,PuriMoveTube,PuriMoveTube,PuriMoveTube,PuriMoveTube
22950,PuriTime,PuriTime,PuriTime,PuriTime
22960,PuriTime,PuriTime,PuriTime,PuriTime
22970,PuriTime,PuriTime,PuriTime,PuriTime
22980,PuriPipette,PuriPipette,PuriPipette,PuriPipette
22990,PuriPipette,PuriPipette,PuriPipette,PuriPipette
23000,PuriPipette,PuriPipette,PuriPipette,PuriPipette
23010,PuriPipette,PuriPipette,PuriPipette,PuriPipette
23020,PuriPipette,PuriPipette,PuriPipette,PuriPipette
23030,PuriMoveTube,PuriMoveTube,PuriMoveTube,PuriMoveTube
23040,PuriMoveTube,PuriMoveTube,PuriMoveTube,PuriMoveTube
23050,PuriMoveTube,PuriMoveTube,PuriMoveTube,PuriMoveTube
23060,PuriPipette,PuriPipette,PuriPipette,PuriPipette
23070,PuriPipette,PuriPipette,PuriPipette,PuriPipette
23080,PuriPipette,PuriPipette,PuriPipette,PuriPipette
23090,PuriPipette,PuriPipette,PuriPipette,PuriPipette
23100,PuriPipette,PuriPipette,PuriPipette,PuriPipette
23110,PuriMoveTube,PuriMoveTube,PuriMoveTube,PuriMoveTube
23120,PuriMoveTube,PuriMoveTube,PuriMoveTube,PuriMoveTube
23130,PuriMoveTube,PuriMoveTube,PuriMoveTube,PuriMoveTube
23140,PuriShake,PuriShake,PuriShake,PuriShake
23150,PuriShake,PuriShake,PuriShake,PuriShake
23160,PuriShake,PuriShake,PuriShake,PuriShake
23170,PuriShake,PuriShake,PuriShake,PuriShake
23180,PuriShake,PuriShake,PuriShake,PuriShake
23190,PuriShake,PuriShake,PuriShake,PuriShake
23200,PuriShake,PuriShake,PuriShake,PuriShake
23210,PuriShake,PuriShake,PuriShake,PuriShake
23220,PuriShake,PuriShake,PuriShake,PuriShake
23230,PuriShake,PuriShake,PuriShake,PuriShake
23240,PuriShake,PuriShake,PuriShake,PuriShake
23250,PuriShake,PuriShake,PuriShake,PuriShake
23260,PuriShake,PuriShake,PuriShake,PuriShake
23270,PuriShake,PuriShake,PuriShake,PuriShake
23280,PuriShake,PuriShake,PuriShake,PuriShake
23290,PuriShake,PuriShake,PuriShake,PuriShake
23300,PuriShake,PuriShake,PuriShake,PuriShake
23310,PuriShake,PuriShake,PuriShake,PuriShake
23320,PuriShake,PuriShake,PuriShake,PuriShake
23330,PuriShake,PuriShake,PuriShake,PuriShake
23340,PuriShake,PuriShake,PuriShake,PuriShake
23350,PuriShake,PuriShake,PuriShake,PuriShake
23360,PuriShake,PuriShake,PuriShake,PuriShake
23370,PuriShake,PuriShake,PuriShake,PuriShake
23380,PuriShake,PuriShake,PuriShake,PuriShake
23390,PuriShake,PuriShake,PuriShake,PuriShake
23400,PuriShake,PuriShake,PuriShake,PuriShake
23410,PuriShake,PuriShake,PuriShake,PuriShake
23420,PuriShake,PuriShake,PuriShake,PuriShake
23430,PuriShake,PuriShake,PuriShake,PuriShake
23440,PuriMoveTube,PuriMoveTube,PuriMoveTube,PuriMoveTube
23450,PuriMoveTube,PuriMoveTube,PuriMoveTube,PuriMoveTube
23460,PuriMoveTube,PuriMoveTube,PuriMoveTube,PuriMoveTube
23470,PuriMoveTube,PuriMoveTube,PuriMoveTube,PuriMoveTube
23480,PuriMoveTube,PuriMoveTube,PuriMoveTube,PuriMoveTube
23490,PuriMoveTube,PuriMoveTube,PuriMoveTube,PuriMoveTube
23500,PuriTime,PuriTime,PuriTime,PuriTime
23510,PuriTime,PuriTime,PuriTime,PuriTime
23520,PuriTime,PuriTime,PuriTime,PuriTime
23530,PuriPipette,PuriPipette,PuriPipette,PuriPipette
23540,PuriPipette,PuriPipette,PuriPipette,PuriPipette
23550,PuriPipette,PuriPipette,PuriPipette,PuriPipette
23560,PuriPipette,PuriPipette,PuriPipette,PuriPipette
23570,PuriPipette,PuriPipette,PuriPipette,PuriPipette
23580,PuriMoveTube,PuriMoveTube,PuriMoveTube,PuriMoveTube
23590,PuriMoveTube,PuriMoveTube,PuriMoveTube,PuriMoveTube
23600,PuriMoveTube,PuriMoveTube,PuriMoveTube,PuriMoveTube
23610,PuriPipette,PuriPipette, , 
23620,PuriPipette,PuriPipette, , 
23630,PuriPipette,PuriPipette, , 
23640,PuriPipette,PuriPipette, , 
23650,PuriPipette,PuriPipette, , 
23660, , ,PuriPipette,PuriPipette
23670, , ,PuriPipette,PuriPipette
23680, , ,PuriPipette,PuriPipette
23690, , ,PuriPipette,PuriPipette
23700, , ,PuriPipette,PuriPipette
23710,PuriMoveTube,PuriMoveTube,PuriMoveTube,PuriMoveTube
23720,PuriMoveTube,PuriMoveTube,PuriMoveTube,PuriMoveTube
23730,PuriMoveTube,PuriMoveTube,PuriMoveTube,PuriMoveTube
23740,PuriTime,PuriTime,PuriTime,PuriTime
23750,PuriTime,PuriTime,PuriTime,PuriTime
23760,PuriTime,PuriTime,PuriTime,PuriTime
23770,PuriPipette,PuriPipette,PuriPipette,PuriPipette
23780,PuriPipette,PuriPipette,PuriPipette,PuriPipette
23790,PuriPipette,PuriPipette,PuriPipette,PuriPipette
23800,PuriPipette,PuriPipette,PuriPipette,PuriPipette
23810,PuriPipette,PuriPipette,PuriPipette,PuriPipette
23820,PuriMoveTube,PuriMoveTube,PuriMoveTube,PuriMoveTube
23830,PuriMoveTube,PuriMoveTube,PuriMoveTube,PuriMoveTube
23840,PuriMoveTube,PuriMoveTube,PuriMoveTube,PuriMoveTube
23850,PuriPipette,PuriPipette, , 
23860,PuriPipette,PuriPipette, , 
23870,PuriPipette,PuriPipette, , 
23880,PuriPipette,PuriPipette, , 
23890,PuriPipette,PuriPipette, , 
23900, , ,PuriPipette,PuriPipette
23910, , ,PuriPipette,PuriPipette
23920, , ,PuriPipette,PuriPipette
23930, , ,PuriPipette,PuriPipette
23940, , ,PuriPipette,PuriPipette
23950,PuriMoveTube,PuriMoveTube,PuriMoveTube,PuriMoveTube
23960,PuriMoveTube,PuriMoveTube,PuriMoveTube,PuriMoveTube
23970,PuriMoveTube,PuriMoveTube,PuriMoveTube,PuriMoveTube
23980,PuriTime,PuriTime,PuriTime,PuriTime
23990,PuriTime,PuriTime,PuriTime,PuriTime
24000,PuriTime,PuriTime,PuriTime,PuriTime
24010,PuriPipette,PuriPipette,PuriPipette,PuriPipette
24020,PuriPipette,PuriPipette,PuriPipette,PuriPipette
24030,PuriPipette,PuriPipette,PuriPipette,PuriPipette
24040,PuriPipette,PuriPipette,PuriPipette,PuriPipette
24050,PuriPipette,PuriPipette,PuriPipette,PuriPipette
24060,PuriMoveTube,PuriMoveTube,PuriMoveTube,PuriMoveTube
24070,PuriMoveTube,PuriMoveTube,PuriMoveTube,PuriMoveTube
24080,PuriMoveTube,PuriMoveTube,PuriMoveTube,PuriMoveTube
24090,PuriPipette,PuriPipette, , 
24100,PuriPipette,PuriPipette, , 
24110,PuriPipette,PuriPipette, , 
24120,PuriPipette,PuriPipette, , 
24130,PuriPipette,PuriPipette, , 
24140, , ,PuriPipette,PuriPipette
24150, , ,PuriPipette,PuriPipette
24160, , ,PuriPipette,PuriPipette
24170, , ,PuriPipette,PuriPipette
24180, , ,PuriPipette,PuriPipette
24190,PuriMoveTube,PuriMoveTube,PuriMoveTube,PuriMoveTube
24200,PuriMoveTube,PuriMoveTube,PuriMoveTube,PuriMoveTube
24210,PuriMoveTube,PuriMoveTube,PuriMoveTube,PuriMoveTube
24220,PuriTime,PuriTime,PuriTime,PuriTime
24230,PuriTime,PuriTime,PuriTime,PuriTime
24240,PuriTime,PuriTime,PuriTime,PuriTime
24250,PuriPipette,PuriPipette,PuriPipette,PuriPipette
24260,PuriPipette,PuriPipette,PuriPipette,PuriPipette
24270,PuriPipette,PuriPipette,PuriPipette,PuriPipette
24280,PuriPipette,PuriPipette,PuriPipette,PuriPipette
24290,PuriPipette,PuriPipette,PuriPipette,PuriPipette
24300,PuriMoveTube,PuriMoveTube,PuriMoveTube,PuriMoveTube
24310,PuriMoveTube,PuriMoveTube,PuriMoveTube,PuriMoveTube
24320,PuriMoveTube,PuriMoveTube,PuriMoveTube,PuriMoveTube
